1kP_Sample,Clade,Family,Species,,,
URDJ,Basalmost angiosperms,Amborellaceae,Amborella trichopoda,,,
WTKZ,Basalmost angiosperms,Nymphaeaceae,Nuphar advena,,,
PZRT,Basalmost angiosperms,Nymphaeaceae,Nymphaea sp.,,,
ROAP,Basalmost angiosperms,Schisandraceae (incl. Illiciac.),Illicium parviflorum,,,
VZCI,Basalmost angiosperms,Schisandraceae (incl. Illiciac.),Illicium floridanum,,,
NWMY,Basalmost angiosperms,Schisandraceae (incl. Illiciac.),Kadsura heteroclita,,,
FZJL,Basalmost angiosperms,Austrobaileyaceae,Austrobaileya scandens,,,
NPND,Basalmost angiosperms,Ceratophyllaceae,Ceratophyllum demersum,,,
DDEV,Magnoliids,Canellaceae,Canella winterana,,,
IFCJ,Magnoliids,Canellaceae,Canella winterana,,,
WKSU,Magnoliids,Winteraceae,Drimys winteri,,,
WAIL,Magnoliids,Atherospermataceae,Laurelia sempervirens,,,
FALI,Magnoliids,Calycanthaceae,Calycanthus floridus,,,
WPHN,Magnoliids,Calycanthaceae,Idiospermum australiense,,,
MAQO,Magnoliids,Gomortegaceae,Gomortega keule,,,
BSVG,Magnoliids,Hernandiaceae,Gyrocarpus americanus,,,
BCGB,Magnoliids,Lauraceae,Cinnamomum camphora,,,
ABSS,Magnoliids,Lauraceae,Sassafras albidum,,,
KAYP,Magnoliids,Lauraceae,Lindera benzoin,,,
WIGA,Magnoliids,Lauraceae,Persea borbonia,,,
VYLQ,Magnoliids,Lauraceae,Cassytha filiformis,,,
KRJP,Magnoliids,Monimiaceae,Peumus boldus,,,
YZRI,Magnoliids,Annonaceae,Annona muricata,,,
PSJT,Magnoliids,Annonaceae,Uvaria microcarpa,,,
DHPO,Magnoliids,Eupomatiaceae,Eupomatia bennettii,,,
XQWC,Magnoliids,Magnoliaceae,Michelia maudiae,,,
WBOD,Magnoliids,Magnoliaceae,Magnolia grandiflora,,,
OBPL,Magnoliids,Myristicaceae,Myristica fragrans,,,
PAWA,Magnoliids,Aristolochiaceae,Aristolochia elegans,,,
QDVW,Magnoliids,Aristolochiaceae,Saruma henryi,,,
MUNP,Magnoliids,Piperaceae,Piper auritum,,,
XSZI,Magnoliids,Piperaceae,Peperomia fraseri,,,
OPDF,Magnoliids,Saururaceae,Saururus cernuus,,,
CSSK,Magnoliids,Saururaceae,Houttuynia cordata,,,
WPYJ,Magnoliids,Frankeniaceae,Frankenia laevis,,,
OSHQ,Chloranthales,Chloranthaceae,Sarcandra glabra,,,
WZFE,Chloranthales,Chloranthaceae,Ascarina rubricaulis,,,
IWMW,Basal Eudicots,Buxaceae,Buxus sempervirens,,,
AALA,Basal Eudicots,Sabiaceae,Meliosma cuneifolia,,,
SWOH,Basal Eudicots,Trochodendraceae,Trochodendron aralioides,,,
FAKD,Basal Eudicots,Nelumbonaceae,Nelumbo sp.,,,
GRRW,Basal Eudicots,Proteaceae,Grevillea robusta,,,
REOF,Basal Eudicots,Proteaceae,Hakea prostrata,,,
OBOJ,Basal Eudicots,Proteaceae,Hakea prostrata,,,
SIIK,Basal Eudicots,Proteaceae,Hakea drupacea,,,
VQFW,Basal Eudicots,Platanaceae,Platanus occidentalis,,,
WFBF,Basal Eudicots,Berberidaceae,Podophyllum peltatum,,,
YHFG,Basal Eudicots,Berberidaceae,Nandina domestica,,,
QTJY,Basal Eudicots,Eupteleaceae,Euptelea pleiosperma,,,
CCID,Basal Eudicots,Lardizabalaceae,Akebia trifoliata,,,
LVNW,Basal Eudicots,Menispermaceae,Cocculus laurifolius,,,
NMGG,Basal Eudicots,Fumariaceae,Hypecoum procumbens,,,
AUGV,Basal Eudicots,Papaveraceae,Capnoides sempervirens,,,
UDHA,Basal Eudicots,Papaveraceae,Ceratocapnos vesicaria,,,
XHKT,Basal Eudicots,Papaveraceae,Sanguinaria canadensis,,,
YDEH,Basal Eudicots,Papaveraceae,Argemone mexicana,,,
GOQJ,Basal Eudicots,Papaveraceae,Argemone mexicana,,,
SMZF,Basal Eudicots,Papaveraceae,Argemone mexicana,,,
CCHG,Basal Eudicots,Papaveraceae,Argemone mexicana,,,
BFMT,Basal Eudicots,Papaveraceae,Argemone mexicana,,,
UNPT,Basal Eudicots,Papaveraceae,Eschscholzia californica,,,
NJKC,Basal Eudicots,Papaveraceae,Eschscholzia californica,,,
RKGT,Basal Eudicots,Papaveraceae,Eschscholzia californica,,,
TUHA,Basal Eudicots,Papaveraceae,Eschscholzia californica,,,
ERXG,Basal Eudicots,Papaveraceae,Eschscholzia californica,,,
RRID,Basal Eudicots,Papaveraceae,Papaver bracteatum,,,
TMWO,Basal Eudicots,Papaveraceae,Papaver bracteatum,,,
ZSNV,Basal Eudicots,Papaveraceae,Papaver bracteatum,,,
ACYX,Basal Eudicots,Papaveraceae,Papaver rhoeas,,,
GMAM,Basal Eudicots,Papaveraceae,Papaver rhoeas,,,
QZBA,Basal Eudicots,Papaveraceae,Papaver rhoeas,,,
IORZ,Basal Eudicots,Papaveraceae,Papaver rhoeas,,,
MVTX,Basal Eudicots,Papaveraceae,Papaver rhoeas,,,
FNXH,Basal Eudicots,Papaveraceae,Papaver setigerum,,,
MLPX,Basal Eudicots,Papaveraceae,Papaver setigerum,,,
JSVC,Basal Eudicots,Papaveraceae,Papaver setigerum,,,
STDO,Basal Eudicots,Papaveraceae,Papaver setigerum,,,
EPRK,Basal Eudicots,Papaveraceae,Papaver setigerum,,,
BMRX,Basal Eudicots,Papaveraceae,Papaver somniferum,,,
SUFP,Basal Eudicots,Papaveraceae,Papaver somniferum,,,
MIKW,Basal Eudicots,Papaveraceae,Papaver somniferum,,,
FPYZ,Basal Eudicots,Papaveraceae,Papaver somniferum,,,
KKCW,Basal Eudicots,Papaveraceae,Papaver somniferum,,,
ZGQD,Basal Eudicots,Papaveraceae,Corydalis linstowiana,,,
XMVD,Basal Eudicots,Papaveraceae,Chelidonium majus,,,
ZUHO,Basal Eudicots,Ranunculaceae,Anemone hupehensis,,,
GBVZ,Basal Eudicots,Ranunculaceae,Thalictrum thalictroides,,,
VGHH,Basal Eudicots,Ranunculaceae,Hydrastis canadensis,,,
CYVA,Basal Eudicots,Ranunculaceae,Cimicifuga racemosa,,,
UPOG,Basal Eudicots,Ranunculaceae,Anemone pulsatilla,,,
XMQO,Basal Eudicots,Gunneraceae,Gunnera manicata,,,
QUTB,Basal Eudicots,Aextoxicaceae,Aextoxicon punctatum,,,
HAEU,Basal Eudicots,Berberidopsidaceae,Berberidopsis beckleri,,,
EHNF,Basal Eudicots,Dilleniaceae,Dillenia indica,,,
OKEF,Basal Eudicots,Dilleniaceae,Hibbertia grossulariifolia,,,
BJKT,Core Eudicots,Aizoaceae,Delosperma echinatum,,,
GJNX,Core Eudicots,Aizoaceae,Cypselea humifusa,,,
HZTS,Core Eudicots,Aizoaceae,Sesuvium portulacastrum,,,
OPZX,Core Eudicots,Aizoaceae,Sesuvium verrucosum,,,
ZJDK,Core Eudicots,Aizoaceae,Sesuvium verrucosum,,,
QNIK,Core Eudicots,Aizoaceae,Trianthema portulacastrum,,,
TNVE,Core Eudicots,Aizoaceae,Trianthema portulacastrum,,,
BERS,Core Eudicots,Aizoaceae,Zaleya pentandra,,,
VKOE,Core Eudicots,Amaranthaceae,Aerva lanata,,,
EMIG,Core Eudicots,Amaranthaceae,Aerva lanata,,,
MEAH,Core Eudicots,Amaranthaceae,Aerva persica,,,
GBCQ,Core Eudicots,Amaranthaceae,Aerva persica,,,
JBGU,Core Eudicots,Amaranthaceae,Amaranthus palmeri,,,
XSSD,Core Eudicots,Amaranthaceae,Amaranthus tricolor,,,
WMLW,Core Eudicots,Amaranthaceae,Amaranthus retroflexus,,,
CUTE,Core Eudicots,Amaranthaceae,Blutaparon vermiculare,,,
WGET,Core Eudicots,Amaranthaceae,Kochia scoparia,,,
BDIW,Core Eudicots,Chenopodiaceae,Atriplex hortensis,,,
AKTA,Core Eudicots,Chenopodiaceae,Atriplex hortensis,,,
EPVF,Core Eudicots,Chenopodiaceae,Atriplex prostrata,,,
MUCT,Core Eudicots,Chenopodiaceae,Atriplex prostrata,,,
PDXY,Core Eudicots,Chenopodiaceae,Atriplex rosea,,,
LBZM,Core Eudicots,Chenopodiaceae,Atriplex rosea,,,
SMMC,Core Eudicots,Amaranthaceae,Chenopodium quinoa,,,
KTQI,Core Eudicots,Amaranthaceae,Alternanthera brasiliana,,,
ENCD,Core Eudicots,Amaranthaceae,Alternanthera brasiliana,,,
WGUG,Core Eudicots,Amaranthaceae,Alternanthera caracasana,,,
VUIT,Core Eudicots,Amaranthaceae,Alternanthera caracasana,,,
LUNL,Core Eudicots,Amaranthaceae,Alternanthera sessilis,,,
OYST,Core Eudicots,Amaranthaceae,Alternanthera sessilis,,,
DEMH,Core Eudicots,Amaranthaceae,Alternanthera tenella,,,
DBCE,Core Eudicots,Amaranthaceae,Alternanthera tenella,,,
FVXD,Core Eudicots,Amaranthaceae,Beta maritima,,,
HSXO,Core Eudicots,Ancistrocladaceae,Ancistrocladus tectorius,,,
CTYH,Core Eudicots,Basellaceae,Basella alba,,,
JLOV,Core Eudicots,Cactaceae,Pereskia aculeata,,,
CPKP,Core Eudicots,Cactaceae,Lophophora williamsii,,,
QAIR,Core Eudicots,Cactaceae,Opuntia polyacantha,,,
SKNL,Core Eudicots,Caryophyllaceae,Saponaria officinalis,,,
RXEN,Core Eudicots,Caryophyllaceae,Polycarpaea repens,,,
TJES,Core Eudicots,Caryophyllaceae,Spergularia media,,,
OLES,Core Eudicots,Caryophyllaceae,Schiedea membranacea,,,
SHEZ,Core Eudicots,Caryophyllaceae,Dianthus caryophyllus,,,
FZQN,Core Eudicots,Caryophyllaceae,Silene latifolia,,,
RNBN,Core Eudicots,Molluginaceae,Mollugo cerviana,,,
CUVY,Core Eudicots,Molluginaceae,Mollugo nudicaulis,,,
UNSW,Core Eudicots,Molluginaceae,Mollugo nudicaulis,,,
HURS,Core Eudicots,Molluginaceae,Mollugo pentaphylla,,,
BZMI,Core Eudicots,Molluginaceae,Mollugo spp.,,,
QASA,Core Eudicots,Molluginaceae,Mollugo verticillata,,,
OFWX,Core Eudicots,Molluginaceae,Mollugo verticillata,,,
WQUF,Core Eudicots,Nepenthaceae,Nepenthes alata,,,
JAFJ,Core Eudicots,Nyctaginaceae,Bougainvillea spectabilis,,,
DVXD,Core Eudicots,Nyctaginaceae,Allionia incarnata,,,
EGOS,Core Eudicots,Nyctaginaceae,Allionia incarnata,,,
WHHY,Core Eudicots,Nyctaginaceae,Boerhavia coccinea,,,
MBWM,Core Eudicots,Nyctaginaceae,Boerhavia coccinea,,,
HUGU,Core Eudicots,Nyctaginaceae,Boerhavia burbidgeana,,,
GDYP,Core Eudicots,Nyctaginaceae,Boerhavia burbidgeana,,,
GQAV,Core Eudicots,Nyctaginaceae,Mirabilis jalapa,,,
DZRA,Core Eudicots,Nyctaginaceae,Mirabilis jalapa,,,
RUUB,Core Eudicots,Physenaceae,Physena madagascariensis,,,
BKQU,Core Eudicots,Phytolaccaceae,Phytolacca americana,,,
AZBL,Core Eudicots, Petiveriaceae,Petiveria alliacea,,,
MRKX,Core Eudicots,Phytolaccaceae,Phytolacca bogotensis,,,
YNFJ,Core Eudicots,Miroteaceae,Microtea debilis,,,
SFKQ,Core Eudicots,Phytolaccaceae,Hilleria latifolia,,,
WOBD,Core Eudicots,Plumbaginaceae,Limonium spectabile,,,
CGGO,Core Eudicots,Plumbaginaceae,Plumbago auriculata,,,
FYSJ,Core Eudicots,Polygonaceae,Polygonum convolvulus,,,
CZJT,Core Eudicots,Portulacaceae,Portulaca oleracea,,,
QMUN,Core Eudicots,Portulacaceae,Portulaca amilis,,,
LFQH,Core Eudicots,Portulacaceae,Portulaca amilis,,,
VPCP,Core Eudicots,Portulacaceae,Portulaca cryptopetala,,,
TMMR,Core Eudicots,Portulacaceae,Portulaca cryptopetala,,,
CPLT,Core Eudicots,Portulacaceae,Portulaca grandiflora,,,
BYNZ,Core Eudicots,Portulacaceae,Portulaca umbraticola,,,
UQCB,Core Eudicots,Portulacaceae,Portulaca molokiniensis,,,
TRLB,Core Eudicots,Portulacaceae,Portulaca oleracea,,,
IWIS,Core Eudicots,Portulacaceae,Portulaca pilosa,,,
GCYL,Core Eudicots,Portulacaceae,Portulaca suffrutescens,,,
KDCH,Core Eudicots,Portulacaceae,Portulaca umbraticola,,,
LKKX,Core Eudicots,Talinaceae,Talinum sp.,,,
GIWN,Core Eudicots,Sarcobataceae,Sarcobatus vermiculatus,,,
CVDF,Core Eudicots,Simmondsiaceae,Simmondsia chinensis,,,
HTDC,Core Eudicots,Tamaricaceae,Tamarix chinensis,,,
STKY,Core Eudicots,Balanophoraceae,Balanophora fungosa,,,
XKPS,Core Eudicots,Olacaceae,Ximenia americana,,,
VGVI,Core Eudicots,Loranthaceae,Dendropemon caribaeus,,,
RSPO,Core Eudicots,Santalaceae,Santalum acuminatum,,,
BSEY,Core Eudicots,Santalaceae,Daenikera sp.,,,
XGFU,Core Eudicots,Santalaceae,Exocarpos cupressiformis,,,
QKMG,Core Eudicots,Viscaceae,Phoradendron serotinum,,,
YHXT,Core Eudicots,Hamamelidaceae,Hamamelis virginiana,,,
DMKC,Core Eudicots,Hamamelidaceae,Hamamelis virginiana,,,
HQRJ,Core Eudicots,Hamamelidaceae,Loropetalum chinense,,,
OMDH,Core Eudicots,Hamamelidaceae,Loropetalum chinense,,,
FWBF,Core Eudicots,Alangiaceae,Alangium chinense,,,
LMVB,Core Eudicots,Altingiaceae,Liquidambar styraciflua,,,
NUZN,Core Eudicots,Cercidiphyllaceae,Cercidiphyllum japonicum,,,
ZJUL,Core Eudicots,Crassulaceae,Rhodiola rosea,,,
KWGC,Core Eudicots,Crassulaceae,Crassula perforata,,,
DRIL,Core Eudicots,Crassulaceae,Kalanchoe crenato-diagremontiana,,,
FYTP,Core Eudicots,Daphniphyllaceae,Daphniphyllum macropodum,,,
SYHW,Core Eudicots,Grossulariaceae,Ribes aff. giraldii,,,
IUSR,Core Eudicots,Haloragaceae,Myriophyllum aquaticum,,,
TOKV,Core Eudicots,[Aphanopetalaceae],Aphanopetalum resinosum,,,
UWFU,Core Eudicots,Iteaceae,Itea virginica,,,
HTIP,Core Eudicots,Paeoniacae,Paeonia lactiflora,,,
FCBJ,Core Eudicots,Saxifragaceae,Saxifraga stolonifera,,,
ERIA,Core Eudicots,Saxifragaceae,Heuchera sanguinea,,,
CIAC,Core Eudicots,Saxifragaceae,Bergenia sp.,,,
UHBY,Core Eudicots,Saxifragaceae,Oresitrophe rupifraga,,,
DAYQ,Core Eudicots,Saxifragaceae,Mitella pentandra,,,
OOVX,Core Eudicots,Saxifragaceae,Boykinia jamesii,,,
CKKR,Core Eudicots,Saxifragaceae,Astilbe chinensis,,,
SLOI,Core Eudicots,Saxifragaceae,Tiarella polyphylla,,,
YKFU,Core Eudicots,Saxifragaceae,Peltoboykinia watanabei,,,
CTSS,Core Eudicots,Saxifragaceae,Tellima breviflora,,,
BGZG,Core Eudicots/Rosids,Vitaceae,Cissus quadrangularis,,,
SZPD,Core Eudicots/Rosids,Vitaceae,Tetrastigma voinierianum,,,
BBBA,Core Eudicots/Rosids,Vitaceae,Tetrastigma obtectum,,,
VYGG,Core Eudicots/Rosids,Stachyuraceae,Stachyurus praecox,,,
PTLU,Core Eudicots/Rosids,Staphyleaceae,Staphylea trifolia,,,
VKGP,Core Eudicots/Rosids,Geraniaceae,Geranium carolinianum,,,
YGCX,Core Eudicots/Rosids,Geraniaceae,Geranium maculatum,,,
HDWF,Core Eudicots/Rosids,Melianthaceae,Francoa appendiculata,,,
FONV,Core Eudicots/Rosids,Melianthaceae,Greyia sutherlandii,,,
AJJE,Core Eudicots/Rosids,Combretaceae,Terminalia neotaliala,,,
NIJU,Core Eudicots/Rosids,Heteropyxidaceae,Heteropyxis natalensis,,,
RJNQ,Core Eudicots/Rosids,Lythraceae,Lagerstroemia indica,,,
JROW,Core Eudicots/Rosids,Lythraceae,Punica granatum,,,
QEBC,Core Eudicots/Rosids,Lythraceae,Punica granatum,,,
YMUO,Core Eudicots/Rosids,Lythraceae,Punica granatum,,,
VUGF,Core Eudicots/Rosids,Lythraceae,Punica granatum,,,
WWQZ,Core Eudicots/Rosids,Melastomataceae,Medinilla magnifica,,,
SWGX,Core Eudicots/Rosids,Melastomataceae,Tetrazygia bicolor,,,
FGDU,Core Eudicots/Rosids,Myrtaceae,Syzygium paniculatum,,,
NEBM,Core Eudicots/Rosids,Myrtaceae,Syzygium micranthum,,,
AYMT,Core Eudicots/Rosids,Myrtaceae,Eucalyptus leucoxylon,,,
JLLY,Core Eudicots/Rosids,Myrtaceae,Melaleuca quinquenervia,,,
FEDW,Core Eudicots/Rosids,Onagraceae,Chamerion angustifolium,,,
DSVQ,Core Eudicots/Rosids,Onagraceae,Oenothera biennis,,,
EXGW,Core Eudicots/Rosids,Onagraceae,Oenothera biennis,,,
FDBS,Core Eudicots/Rosids,Onagraceae,Oenothera biennis,,,
MLUJ,Core Eudicots/Rosids,Onagraceae,Oenothera biennis,,,
DWAP,Core Eudicots/Rosids,Onagraceae,Oenothera biennis,,,
REZJ,Core Eudicots/Rosids,Onagraceae,Oenothera grandiflora,,,
MJHP,Core Eudicots/Rosids,Onagraceae,Oenothera grandiflora,,,
GZUR,Core Eudicots/Rosids,Onagraceae,Oenothera grandiflora,,,
EBPG,Core Eudicots/Rosids,Onagraceae,Oenothera grandiflora,,,
HOOU,Core Eudicots/Rosids,Onagraceae,Oenothera grandiflora,,,
SEMK,Core Eudicots/Rosids,Onagraceae,Oenothera grandis,,,
ICUS,Core Eudicots/Rosids,Onagraceae,Oenothera laciniata,,,
FXJC,Core Eudicots/Rosids,Onagraceae,Oenothera rosea,,,
NQWS,Core Eudicots/Rosids,Onagraceae,Oenothera filiformis,,,
TGOP,Core Eudicots/Rosids,Onagraceae,Oenothera gaura,,,
GVCB,Core Eudicots/Rosids,Onagraceae,Oenothera affinis,,,
HKMQ,Core Eudicots/Rosids,Onagraceae,Oenothera villaricae,,,
KBRW,Core Eudicots/Rosids,Onagraceae,Oenothera clelandii,,,
JKNQ,Core Eudicots/Rosids,Onagraceae,Oenothera suffulta suffulta,,,
ECSL,Core Eudicots/Rosids,Onagraceae,Oenothera filiformis,,,
LACT,Core Eudicots/Rosids,Onagraceae,Oenothera gaura,,,
LHDP,Core Eudicots/Rosids,Onagraceae,Oenothera gaura,,,
IIFB,Core Eudicots/Rosids,Onagraceae,Oenothera gaura,,,
JYOB,Core Eudicots/Rosids,Onagraceae,Oenothera filiformis,,,
IDAU,Core Eudicots/Rosids,Onagraceae,Oenothera elata hookeri,,,
XSNO,Core Eudicots/Rosids,Onagraceae,Oenothera rosea,,,
YHLF,Core Eudicots/Rosids,Onagraceae,Oenothera rhombipetala,,,
DZLN,Core Eudicots/Rosids,Onagraceae,Oenothera picensis,,,
CJGZ,Core Eudicots/Rosids,Onagraceae,Oenothera nana,,,
HPNZ,Core Eudicots/Rosids,Onagraceae,Oenothera longituba,,,
DIBI,Core Eudicots/Rosids,Onagraceae,Oenothera laciniata,,,
AQXA,Core Eudicots/Rosids,Onagraceae,Oenothera laciniata,,,
QBRF,Core Eudicots/Rosids,Onagraceae,Oenothera laciniata,,,
ONZG,Core Eudicots/Rosids,Onagraceae,Oenothera laciniata,,,
EWHG,Core Eudicots/Rosids,Onagraceae,Oenothera grandis,,,
TAHF,Core Eudicots/Rosids,Onagraceae,Oenothera grandis,,,
WPUV,Core Eudicots/Rosids,Onagraceae,Oenothera grandis,,,
CHTD,Core Eudicots/Rosids,Onagraceae,Oenothera grandis,,,
EQYT,Core Eudicots/Rosids,Onagraceae,Oenothera berlandieri,,,
JMJV,Core Eudicots/Rosids,Onagraceae,Oenothera gaura,,,
YIVZ,Core Eudicots/Rosids,Onagraceae,Oenothera rosea,,,
KFAL,Core Eudicots/Rosids,Onagraceae,Oenothera rosea,,,
SJAN,Core Eudicots/Rosids,Onagraceae,Oenothera serrulata,,,
RLZU,Core Eudicots/Rosids,Onagraceae,Oenothera speciosa,,,
UASK,Core Eudicots/Rosids,Onagraceae,Oenothera speciosa,,,
XZPP,Core Eudicots/Rosids,Onagraceae,Oenothera speciosa,,,
XZAQ,Core Eudicots/Rosids,Onagraceae,Oenothera speciosa,,,
GBGW,Core Eudicots/Rosids,Onagraceae,Oenothera speciosa,,,
AJBK,Core Eudicots/Rosids,Onagraceae,Oenothera elata,,,
ROLB,Core Eudicots/Rosids,Onagraceae,Oenothera elata,,,
UDUT,Core Eudicots/Rosids,Zygophyllaceae,Larrea tridentata,,,
KVAY,Core Eudicots/Rosids,Zygophyllaceae,Tribulus eichlerianus,,,
ZHMB,Core Eudicots/Rosids,Krameriaceae,Krameria lanceolata,,,
IHCQ,Core Eudicots/Rosids,Celastraceae,Crossopetalum rhacoma,,,
MFEA,Core Eudicots/Rosids,Celastraceae,Stackhousia spathulata,,,
OCTM,Core Eudicots/Rosids,Begoniaceae,Begonia sp.,,,
AXAF,Core Eudicots/Rosids,Cucurbitaceae,Thladiantha villosula,,,
NNGU,Core Eudicots/Rosids,Coriariaceae,Coriaria nepalensis,,,
SUAK,Core Eudicots/Rosids,Fabaceae,Codariocalyx motorius,,,
RKLL,Core Eudicots/Rosids,Fabaceae,Copaifera officinalis,,,
RMWJ,Core Eudicots/Rosids,Fabaceae,Wisteria floribunda,,,
PEZP,Core Eudicots/Rosids,Fabaceae,Glycyrrhiza glabra,,,
RKFX,Core Eudicots/Rosids,Fabaceae,Cercis canadensis,,,
GEHT,Core Eudicots/Rosids,Fabaceae,Gleditsia triacanthos,,,
QZXQ,Core Eudicots/Rosids,Fabaceae,Gymnocladus dioicus,,,
KZED,Core Eudicots/Rosids,Fabaceae,Senna hebecarpa,,,
XOOE,Core Eudicots/Rosids,Fabaceae,Desmanthus illinoensis,,,
NXOH,Core Eudicots/Rosids,Fabaceae,Apios americana,,,
SLYR,Core Eudicots/Rosids,Fabaceae,Cladrastis lutea,,,
KNMB,Core Eudicots/Rosids,Fabaceae,Lathyrus sativus,,,
CMFF,Core Eudicots/Rosids,Fabaceae,Lupinus polyphyllus,,,
TTRG,Core Eudicots/Rosids,Fabaceae,Lupinus angustifolius,,,
TVSH,Core Eudicots/Rosids,Fabaceae,Bituminaria bituminosa,,,
VLNB,Core Eudicots/Rosids,Fabaceae,Gompholobium polymorphum,,,
HJMP,Core Eudicots/Rosids,Fabaceae,Astragalus membranaceus,,,
JTQQ,Core Eudicots/Rosids,Fabaceae,Glycyrrhiza lepidota,,,
ZUQW,Core Eudicots/Rosids,Fabaceae,Glycine soja,,,
OAQS,Core Eudicots/Rosids,Fabaceae,Glycine soja,,,
LXGM,Core Eudicots/Rosids,Fabaceae,Glycine soja,,,
RIDD,Core Eudicots/Rosids,Fabaceae,Glycine soja,,,
PFSA,Core Eudicots/Rosids,Fabaceae,Glycine soja,,,
TJMB,Core Eudicots/Rosids,Fabaceae,Glycine soja,,,
AKRH,Core Eudicots/Rosids,Fabaceae,Glycine soja,,,
FPLR,Core Eudicots/Rosids,Fabaceae,Glycine soja,,,
LQUX,Core Eudicots/Rosids,Fabaceae,Glycine soja,,,
JETM,Core Eudicots/Rosids,Fabaceae,Bauhinia tomentosa,,,
ZSSR,Core Eudicots/Rosids,Fabaceae,Xanthocercis zambesiaca,,,
ATQZ,Core Eudicots/Rosids,Fabaceae,Acacia pycnantha,,,
MGBF,Core Eudicots/Rosids,Fabaceae,Acacia pycnantha,,,
MYMP,Core Eudicots/Rosids,Fabaceae,Astragalus propinquus,,,
VHZV,Core Eudicots/Rosids,Fabaceae,Gleditsia sinensis,,,
ZCDJ,Core Eudicots/Rosids,Fabaceae,Acacia argyrophylla,,,
OHAE,Core Eudicots/Rosids,Polygalaceae,Polygala lutea,,,
OQHZ,Core Eudicots/Rosids,Quillajaceae,Quillaja saponaria,,,
CWZU,Core Eudicots/Rosids,Betulaceae,Betula pendula,,,
LWDA,Core Eudicots/Rosids,Betulaceae,Alnus serrulata,,,
LNER,Core Eudicots/Rosids,Casuarinacae,Casuarina equisetifolia,,,
SVVG,Core Eudicots/Rosids,Fagaceae,Fagus sylvatica,,,
HENI,Core Eudicots/Rosids,Fagaceae,Quercus shumardii,,,
UZWG,Core Eudicots/Rosids,Fagaceae,Castanea pumila,,,
NHUA,Core Eudicots/Rosids,Fagaceae,Castanea crenata,,,
DXQW,Core Eudicots/Rosids,Juglandaceae,Juglans nigra,,,
VWIP,Core Eudicots/Rosids,Juglandaceae,Carya glabra,,,
INSP,Core Eudicots/Rosids,Myricaceae,Myrica cerifera,,,
TJLC,Core Eudicots/Rosids,Nothofagaceae,Nothofagus obliqua,,,
NFXV,Core Eudicots/Rosids,Calophyllaceae,Mammea americana,,,
ZBVT,Core Eudicots/Rosids,Chrysobalanaceae,Chrysobalanus icaco,,,
HBUQ,Core Eudicots/Rosids,Chrysobalanaceae,Licania michauxii,,,
FWCQ,Core Eudicots/Rosids,Clusiaceae,Garcinia oblongifolia,,,
OSIP,Core Eudicots/Rosids,Clusiaceae,Garcinia livingstonei,,,
PAZJ,Core Eudicots/Rosids,Euphorbiaceae,Ricinus communis,,,
XNLP,Core Eudicots/Rosids,Euphorbiaceae,Manihot grahamii,,,
VVPY,Core Eudicots/Rosids,Euphorbiaceae,Croton tiglium,,,
PXYR,Core Eudicots/Rosids,Euphorbiaceae,Euphorbia pekinensis,,,
VPDX,Core Eudicots/Rosids,Euphorbiaceae,Euphorbia mesembryanthemifolia,,,
LSLA,Core Eudicots/Rosids,Euphorbiaceae,Euphorbia mesembryanthemifolia,,,
BNDE,Core Eudicots/Rosids,Hypericaceae,Hypericum perforatum,,,
MYVH,Core Eudicots/Rosids,Linaceae,Linum grandiflorum,,,
MJAV,Core Eudicots/Rosids,Linaceae,Linum usitatissimum,,,
OZJZ,Core Eudicots/Rosids,Linaceae,Linum usitatissimum,,,
OGSY,Core Eudicots/Rosids,Linaceae,Linum usitatissimum,,,
HNCF,Core Eudicots/Rosids,Linaceae,Linum hirsutum,,,
BHYC,Core Eudicots/Rosids,Linaceae,Linum lewisii,,,
AEPI,Core Eudicots/Rosids,Linaceae,Linum leonii,,,
AXPJ,Core Eudicots/Rosids,Linaceae,Linum flavum,,,
KCPT,Core Eudicots/Rosids,Linaceae,Linum macraei,,,
XWMS,Core Eudicots/Rosids,Linaceae,Linum perenne,,,
LFII,Core Eudicots/Rosids,Linaceae,Linum perenne,,,
OODC,Core Eudicots/Rosids,Linaceae,Linum bienne,,,
VXOD,Core Eudicots/Rosids,Linaceae,Linum tenuifolium,,,
TXMP,Core Eudicots/Rosids,Linaceae,Linum strictum,,,
XPBC,Core Eudicots/Rosids,Malpighiaceae,Galphimia gracilis,,,
COAQ,Core Eudicots/Rosids,Malesherbiaceae,Malesherbia fasciculata,,,
TVCU,Core Eudicots/Rosids,Ochnaceae,Ochna mossambicensis,,,
CKDK,Core Eudicots/Rosids,Ochnaceae,Ochna serrulata,,,
EZZT,Core Eudicots/Rosids,Passifloraceae,Passiflora edulis,,,
SIZE,Core Eudicots/Rosids,Passifloraceae,Passiflora caerulea,,,
YGAT,Core Eudicots/Rosids,Phyllanthaceae,Phyllanthus sp.,,,
VNMY,Core Eudicots/Rosids,Phyllanthaceae,Bischofia javanica,,,
RVGH,Core Eudicots/Rosids,Putranjivaceae,Drypetes deplanchei,,,
ZTLR,Core Eudicots/Rosids,Rhizophoraceae,Rhizophora mangle,,,
RPPC,Core Eudicots/Rosids,[Erythroyxlaceae],Erythroxylum coca,,,
INQX,Core Eudicots/Rosids,Salicaceae,Salix acutifolia,,,
IEPQ,Core Eudicots/Rosids,Salicaceae,Salix dasyclados,,,
GLVK,Core Eudicots/Rosids,Salicaceae,Salix eriocephala,,,
LFOG,Core Eudicots/Rosids,Salicaceae,Salix purpurea,,,
TDTF,Core Eudicots/Rosids,Salicaceae,Salix sachalinensis,,,
KKDQ,Core Eudicots/Rosids,Salicaceae,Salix viminalis,,,
RZTJ,Core Eudicots/Rosids,Salicaceae,Salix fargesii,,,
LPGY,Core Eudicots/Rosids,Violaceae,Viola tricolor,,,
NJLF,Core Eudicots/Rosids,Violaceae,Viola canadensis,,,
YZVJ,Core Eudicots/Rosids,Cephalotaceae,Cephalotus follicularis,,,
TIUZ,Core Eudicots/Rosids,Cunoniaceae,Cunonia capensis,,,
THHD,Core Eudicots/Rosids,Elaeocarpaceae,Elaeocarpus sylvestris,,,
JHCN,Core Eudicots/Rosids,Oxalidaceae,Oxalis sp.,,,
PDIE,Core Eudicots/Rosids,Cannabaceae,Cannabis sativa,,,
PMRP,Core Eudicots/Rosids,Cannabaceae,Cannabis sativa,,,
DGNP,Core Eudicots/Rosids,Cannabaceae,Cannabis sativa,,,
SFZX,Core Eudicots/Rosids,Cannabaceae,Cannabis sativa,,,
AQGE,Core Eudicots/Rosids,Cannabaceae,Humulus lupulus,,,
KYAD,Core Eudicots/Rosids,Cannabaceae,Celtis occidentalis,,,
RBYC,Core Eudicots/Rosids,Elaeagnaceae,Elaeagnus pungens,,,
XVJB,Core Eudicots/Rosids,Moraceae,Morus nigra,,,
EDHN,Core Eudicots/Rosids,Moraceae,Ficus religiosa,,,
EILE,Core Eudicots/Rosids,Rhamnaceae,Rhamnus japonica,,,
WVEF,Core Eudicots/Rosids,Rhamnaceae,Rhamnus caroliniana,,,
ZHEE,Core Eudicots/Rosids,Rhamnaceae,Ziziphus jujuba,,,
IANR,Core Eudicots/Rosids,Rosaceae,Rosa palustris,,,
QNOC,Core Eudicots/Rosids,Rosaceae,Sanguisorba minor,,,
DHAW,Core Eudicots/Rosids,Rosaceae,Geum quellyon,,,
NCVK,Core Eudicots/Rosids,Rosaceae,Prunus prostrata,,,
TJQY,Core Eudicots/Rosids,Rosaceae,Kerria japonica,,,
VCIN,Core Eudicots/Rosids,Rosaceae,Malus baccata var. jackii,,,
BLVL,Core Eudicots/Rosids,Rosaceae,Sorbus koehneana,,,
EAVM,Core Eudicots/Rosids,Rosaceae,Amelanchier canadensis,,,
QIEH,Core Eudicots/Rosids,Rosaceae,Cotoneaster transcaucasicus,,,
SXCE,Core Eudicots/Rosids,Rosaceae,Physocarpus opulifolius,,,
ZPKK,Core Eudicots/Rosids,Rosaceae,Aruncus dioicus,,,
SQCF,Core Eudicots/Rosids,Rosaceae,Dryas octopetala,,,
XFFT,Core Eudicots/Rosids,Rosaceae,Cercocarpus ledifolius,,,
CQMG,Core Eudicots/Rosids,Ulmaceae,Ulmus alata alata,,,
ACFP,Core Eudicots/Rosids,Urticaceae,Boehmeria nivea,,,
WKCY,Core Eudicots/Rosids,Urticaceae,Urtica dioica,,,
WWKL,Core Eudicots/Rosids,Tapisciaceae,Tapiscia sinensis,,,
HYZL,Core Eudicots/Rosids,Akaniaceae,Akania lucens,,,
DZTK,Core Eudicots/Rosids,Bataceae,Batis maritima,,,
IPWB,Core Eudicots/Rosids,Brassicaceae,Brassica nigra,,,
VMNH,Core Eudicots/Rosids,Brassicaceae,Sinapis alba,,,
CSUV,Core Eudicots/Rosids,Brassicaceae,Cochlearia officinalis,,,
TZWR,Core Eudicots/Rosids,Brassicaceae,Arabis alpina,,,
HABV,Core Eudicots/Rosids,Brassicaceae,Draba aizoides,,,
UVQL,Core Eudicots/Rosids,Brassicaceae,Draba magellanica,,,
BXBF,Core Eudicots/Rosids,Brassicaceae,Draba sachalinensis,,,
GTSV,Core Eudicots/Rosids,Brassicaceae,Draba hispida,,,
LAPO,Core Eudicots/Rosids,Brassicaceae,Draba oligosperma,,,
LJQF,Core Eudicots/Rosids,Brassicaceae,Draba ossetica,,,
QSKP,Core Eudicots/Rosids,Cleomaceae,Polanisia trachysperma,,,
HELY,Core Eudicots/Rosids,Cleomaceae,Cleome violacea,,,
EZXQ,Core Eudicots/Rosids,Cleomaceae,Cleome violacea,,,
ZLOA,Core Eudicots/Rosids,Cleomaceae,Cleome gynandra,,,
MBQU,Core Eudicots/Rosids,Cleomaceae,Cleome gynandra,,,
UPZX,Core Eudicots/Rosids,Cleomaceae,Cleome viscosa,,,
UAXP,Core Eudicots/Rosids,Gyrostemonaceae,Gyrostemon ramulosus,,,
JOIS,Core Eudicots/Rosids,Koeberliniaceae,Koeberlinia spinosa,,,
CRNC,Core Eudicots/Rosids,Limnanthaceae,Limnanthes douglasii,,,
CZPV,Core Eudicots/Rosids,Moringaceae,Moringa oleifera,,,
SWPE,Core Eudicots/Rosids,Resedaceae,Reseda odorata,,,
RTTY,Core Eudicots/Rosids,Salvadoraceae,Salvadora sp.,,,
MYZV,Core Eudicots/Rosids,Tropaeolaceae,Tropaeolum peregrinum,,,
KPTE,Core Eudicots/Rosids,Bixaceae,Bixa orellana,,,
PKMO,Core Eudicots/Rosids,Cistaceae,Cistus inflatus,,,
OLXF,Core Eudicots/Rosids,Malvaceae,Hibiscus cannabinus,,,
WYIG,Core Eudicots/Rosids,Malvaceae,Dombeya burgessiae,,,
ZSAB,Core Eudicots/Rosids,Malvaceae,Hoheria angustifolia,,,
ATFX,Core Eudicots/Rosids,Muntingiaceae,Muntingia calabura,,,
WMUK,Core Eudicots/Rosids,Sarcolaenaceae,Schizolaena sp.,,,
PUDI,Core Eudicots/Rosids,Thymelaeaceae,Daphne giraldii,,,
QJXB,Core Eudicots/Rosids,Thymelaeaceae,Wikstroemia indica,,,
AWJM,Core Eudicots/Rosids,Thymelaeaceae,Edgeworthia papyrifera,,,
YUOM,Core Eudicots/Rosids,Anacardiaceae,Rhus radicans,,,
WAXR,Core Eudicots/Rosids,Anacardiaceae,Litchi chinensis,,,
JSZD,Core Eudicots/Rosids,Burseraceae,Bursera simaruba,,,
FCCA,Core Eudicots/Rosids,Burseraceae,Boswellia sacra,,,
BCAA,Core Eudicots/Rosids,Kirkiacae,Kirkia wilmsii,,,
UVDC,Core Eudicots/Rosids,Meliaceae,Azadirachta indica,,,
CAIX,Core Eudicots/Rosids,Meliaceae,Melia azedarach,,,
VCCF,Core Eudicots/Rosids,Meliaceae,Melia azedarach,,,
OBTI,Core Eudicots/Rosids,Nitrariaceae,Peganum harmala,,,
UHJR,Core Eudicots/Rosids,Rutaceae,Citrus x paradisi,,,
PGKL,Core Eudicots/Rosids,Rutaceae,Phellodendron amurense,,,
HBHB,Core Eudicots/Rosids,Sapindaceae,Aesculus pavia,,,
VFFP,Core Eudicots/Rosids,Sapindaceae,Acer negundo,,,
IKFD,Core Eudicots/Rosids,Simaroubaceae,Quassia amara,,,
QICX,Core Eudicots/Rosids,Simaroubaceae,Ailanthus altissima,,,
BFJL,Core Eudicots/Asterids,Cornaceae,Cornus florida,,,
XONJ,Core Eudicots/Asterids,[Nyssaceae],Camptotheca acuminata,,,
VUSY,Core Eudicots/Asterids,[Nyssaceae],Nyssa ogeche,,,
UZNH,Core Eudicots/Asterids,Curtisiaceae,Curtisia dentata,,,
QURC,Core Eudicots/Asterids,Hydrangeaceae,Dichroa febrifuga,,,
ZETY,Core Eudicots/Asterids,Hydrangeaceae,Hydrangea quercifolia,,,
BTZX,Core Eudicots/Asterids,Hydrangeaceae,Philadelphus inodorus,,,
OTAN,Core Eudicots/Asterids,Hydrangeaceae,Deutzia scabra,,,
VTLJ,Core Eudicots/Asterids,Loasaceae,Caiophora chuquitensis,,,
QAUE,Core Eudicots/Asterids,Actinidiaceae,Actinidia chinensis,,,
JEXA,Core Eudicots/Asterids,Balsaminaceae,Impatiens balsamifera,,,
YZGX,Core Eudicots/Asterids,Cyrillaceae,Cyrilla racemiflora,,,
ADHK,Core Eudicots/Asterids,Diapensiaceae,Galax urceolata,,,
UFHF,Core Eudicots/Asterids,Diapensiaceae,Galax urceolata,,,
KVFU,Core Eudicots/Asterids,Ebenaceae,Diospyros malabarica,,,
WXVX,Core Eudicots/Asterids,Ericaceae,Ledum palustre,,,
AVJK,Core Eudicots/Asterids,Ericaceae,Cavendishia cuatrecasasii,,,
PPPZ,Core Eudicots/Asterids,Ericaceae,Rhododendron scopulorum,,,
SERM,Core Eudicots/Asterids,Ericaceae,Sarcodes sanguinea,,,
LRTN,Core Eudicots/Asterids,Ericaceae,Monotropa uniflora,,,
YSRZ,Core Eudicots/Asterids,Fouquieriaceae,Fouquieria macdougalii,,,
DTOA,Core Eudicots/Asterids,Maesaceae,Maesa lanceolata,,,
BNTL,Core Eudicots/Asterids,Marcgraviaceae,Souroubea exauriculata,,,
DAAD,Core Eudicots/Asterids,Myrsinaceae,Ardisia revoluta,,,
ODDO,Core Eudicots/Asterids,Myrsinaceae,Ardisia humilis,,,
NGRR,Core Eudicots/Asterids,Pentaphylacaceae,Ternstroemia gymnanthera,,,
WVMY,Core Eudicots/Asterids,Polemoniaceae,Phlox drummondii,,,
FNEN,Core Eudicots/Asterids,Polemoniaceae,Phlox sp.,,,
OJCW,Core Eudicots/Asterids,Primulaceae,Maesa lanceolata,,,
HUSX,Core Eudicots/Asterids,Roridulaceae,Roridula gorgonias,,,
WRPP,Core Eudicots/Asterids,Sapotaceae,Synsepalum dulcificum,,,
BEFC,Core Eudicots/Asterids,Sapotaceae,Manilkara zapota,,,
OXYP,Core Eudicots/Asterids,Sapotaceae,Sideroxylon reclinatum,,,
AXBO,Core Eudicots/Asterids,Styracaceae,Sinojackia xylocarpa,,,
JPDJ,Core Eudicots/Asterids,Symplocaceae,Symplocos tinctoria,,,
PTFA,Core Eudicots/Asterids,Theophrastaceae,Jacquinia sp.,,,
VJSJ,Core Eudicots/Asterids,Boraginaceae,Heliotropium calcicola,,,
NJJO,Core Eudicots/Asterids,Apodanthaceae,Pilostyles thurberi,,,
JWEY,Core Eudicots/Asterids,Boraginaceae,Heliotropium tenuifolium,,,
EIGQ,Core Eudicots/Asterids,Boraginaceae,Heliotropium calcicola,,,
RGMN,Core Eudicots/Asterids,Boraginaceae,Heliotropium calcicola,,,
OUER,Core Eudicots/Asterids,Boraginaceae,Heliotropium convolvulaceum,,,
XKVX,Core Eudicots/Asterids,Boraginaceae,Heliotropium filiforme,,,
IPPG,Core Eudicots/Asterids,Boraginaceae,Heliotropium filiforme,,,
ABEH,Core Eudicots/Asterids,Boraginaceae,Heliotropium greggii,,,
NIGS,Core Eudicots/Asterids,Boraginaceae,Heliotropium karwinskyi,,,
MZOB,Core Eudicots/Asterids,Boraginaceae,Heliotropium mendocinum,,,
IDGE,Core Eudicots/Asterids,Boraginaceae,Heliotropium racemosum,,,
DIHD,Core Eudicots/Asterids,Boraginaceae,Heliotropium tenellum,,,
IWJG,Core Eudicots/Asterids,Boraginaceae,Heliotropium texanum,,,
CSWE,Core Eudicots/Asterids,Boraginaceae,Heliotropium texanum,,,
EMAL,Core Eudicots/Asterids,Boraginaceae,Ehretia acuminata,,,
DKFZ,Core Eudicots/Asterids,Boraginaceae,Mertensia paniculata,,,
YQIJ,Core Eudicots/Asterids,Boraginaceae,Phacelia campanularia,,,
SMUR,Core Eudicots/Asterids,Boraginaceae,Lennoa madreporoides,,,
HANM,Core Eudicots/Asterids,Boraginaceae,Pholisma arenarium,,,
QZZU,Core Eudicots/Asterids,Icacinaceae,Pyrenacantha malvifolia,,,
SZUO,Core Eudicots/Asterids,Eucommiaceae,Eucommia ulmoides,,,
GIPR,Core Eudicots/Asterids,Garryaceae,Aucuba japonica,,,
PVGM,Core Eudicots/Asterids,Oncothecaceae,Oncotheca balansae,,,
MGVU,Core Eudicots/Asterids,Apocynaceae,Allamanda cathartica,,,
UOYN,Core Eudicots/Asterids,Apocynaceae,Catharanthus roseus,,,
JCLQ,Core Eudicots/Asterids,Apocynaceae,Apocynum androsaemifolium,,,
UFQC,Core Eudicots/Asterids,Apocynaceae,Apocynum androsaemifolium,,,
QEHE,Core Eudicots/Asterids,Apocynaceae,Rauvolfia tetraphylla,,,
YADI,Core Eudicots/Asterids,Apocynaceae,Asclepias syriaca,,,
DSUV,Core Eudicots/Asterids,Apocynaceae,Asclepias curassavica,,,
EDEQ,Core Eudicots/Asterids,Apocynaceae,Wrightia natalensis,,,
JGYZ,Core Eudicots/Asterids,Apocynaceae,Holarrhena pubescens,,,
HGSM,Core Eudicots/Asterids,Gelsemiaceae,Gelsemium sempervirens,,,
KPUM,Core Eudicots/Asterids,Gentianaceae,Exacum affine,,,
ECTD,Core Eudicots/Asterids,Gentianaceae,Gentiana acaulis,,,
GGJD,Core Eudicots/Asterids,Loganiaceae,Strychnos spinosa,,,
BQEQ,Core Eudicots/Asterids,Rubiaceae,Psychotria ipecacuanha,,,
JOPH,Core Eudicots/Asterids,Rubiaceae,Psychotria ipecacuanha,,,
ULGV,Core Eudicots/Asterids,Rubiaceae,Morinda citrifolia,,,
WQRD,Core Eudicots/Asterids,Rubiaceae,Galium boreale,,,
PCNH,Core Eudicots/Asterids,Rubiaceae,Psychotria marginata,,,
DNQA,Core Eudicots/Asterids,Rubiaceae,Psychotria douarrei,,,
WEAC,Core Eudicots/Asterids,Acanthaceae,Strobilanthes dyeriana,,,
AYIY,Core Eudicots/Asterids,Acanthaceae,Ruellia brittoniana,,,
PCGJ,Core Eudicots/Asterids,Acanthaceae,Anisacanthus quadrifidus,,,
NBMW,Core Eudicots/Asterids,Acanthaceae,Sanchezia sp.,,,
TKEK,Core Eudicots/Asterids,Bignoniaceae,Mansoa alliacea,,,
UTQR,Core Eudicots/Asterids,Bignoniaceae,Tabebuia umbellata,,,
SVQC,Core Eudicots/Asterids,Bignoniaceae,Kigelia africana,,,
QKEI,Core Eudicots/Asterids,Bignoniaceae,Kigelia africana,,,
GDZS,Core Eudicots/Asterids,Byblidaceae,Byblis gigantea,,,
DCCI,Core Eudicots/Asterids,Calceolariaceae,Calceolaria pinifolia,,,
DTNC,Core Eudicots/Asterids,Gesneriaceae,Sinningia tuberosa,,,
RWKR,Core Eudicots/Asterids,Gesneriaceae,Saintpaulia ionantha,,,
FDMM,Core Eudicots/Asterids,Lamiaceae,Rosmarinus officinalis,,,
EQDA,Core Eudicots/Asterids,Lamiaceae,Salvia spp.,,,
PUCW,Core Eudicots/Asterids,Lamiaceae,Agastache rugosa,,,
ATYL,Core Eudicots/Asterids,Lamiaceae,Scutellaria montana,,,
SNNC,Core Eudicots/Asterids,Lamiaceae,Leonurus japonicus,,,
DYFF,Core Eudicots/Asterids,Lamiaceae,Pycnanthemum tenuifolium,,,
FYUH,Core Eudicots/Asterids,Lamiaceae,Lavandula angustifolia,,,
BAHE,Core Eudicots/Asterids,Lamiaceae,Solenostemon scutellarioides,,,
DMLT,Core Eudicots/Asterids,Lamiaceae,Vitex agnus-castus,,,
IYDF,Core Eudicots/Asterids,Lamiaceae,Thymus vulgaris,,,
LRRR,Core Eudicots/Asterids,Lamiaceae,Teucrium chamaedrys,,,
GETL,Core Eudicots/Asterids,Lamiaceae,Pogostemon sp.,,,
WHNV,Core Eudicots/Asterids,Lamiaceae,Micromeria fruticosa,,,
FUMQ,Core Eudicots/Asterids,Lamiaceae,Nepeta cataria,,,
UCNM,Core Eudicots/Asterids,Lamiaceae,Ajuga reptans,,,
EAAA,Core Eudicots/Asterids,Lamiaceae,Marrubium vulgare,,,
TAGM,Core Eudicots/Asterids,Lamiaceae,Melissa officinalis,,,
PHCE,Core Eudicots/Asterids,Lamiaceae,Prunella vulgaris,,,
RTNA,Core Eudicots/Asterids,Lamiaceae,Oxera pulchella,,,
XMBA,Core Eudicots/Asterids,Lamiaceae,Poliomintha bustamanta,,,
GNPX,Core Eudicots/Asterids,Lamiaceae,Oxera neriifolia,,,
HRUR,Core Eudicots/Asterids,Lentibulariaceae,Utricularia sp.,,,
MXFG,Core Eudicots/Asterids,Lentibulariaceae,Pinguicula agnata,,,
JCMU,Core Eudicots/Asterids,Lentibulariaceae,Pinguicula caudata,,,
TORX,Core Eudicots/Asterids,Oleaceae,Olea europaea,,,
KTAR,Core Eudicots/Asterids,Oleaceae,Chionanthus retusus,,,
MZLD,Core Eudicots/Asterids,Oleaceae,Ligustrum sinense,,,
UEEN,Core Eudicots/Asterids,Oleaceae,Forestiera segregata,,,
FAMO,Core Eudicots/Asterids,Orobanchaceae,Conopholis americana,,,
WUZV,Core Eudicots/Asterids,Orobanchaceae,Lindenbergia philippensis,,,
ZVFS,Core Eudicots/Asterids,Orobanchaceae,Lindenbergia philippensis,,,
PHOQ,Core Eudicots/Asterids,Orobanchaceae,Orobanche fasciculata,,,
VTOK,Core Eudicots/Asterids,Orobanchaceae,Orobanche fasciculata,,,
XMOG,Core Eudicots/Asterids,Orobanchaceae,Epifagus virginiana,,,
URZI,Core Eudicots/Asterids,Orobanchaceae,Epifagus virginiana,,,
UMUL,Core Eudicots/Asterids,Paulowniaceae,Paulownia fargesii,,,
ZRIN,Core Eudicots/Asterids,Pedaliaceae,Uncarina grandidieri,,,
OWAS,Core Eudicots/Asterids,Rehmnniaceae,Rehmannia glutinosa,,,
GNRI,Core Eudicots/Asterids,Plantaginaceae,Digitalis purpurea,,,
DCVZ,Core Eudicots/Asterids,Plantaginaceae,Plantago coronopus,,,
YKZB,Core Eudicots/Asterids,Plantaginaceae,Plantago maritima,,,
PTBJ,Core Eudicots/Asterids,Plantaginaceae,Plantago virginica,,,
TPUT,Core Eudicots/Asterids,Plantaginaceae,Antirrhinum majus,,,
EBOL,Core Eudicots/Asterids,Plantaginaceae,Antirrhinum majus,,,
YRHD,Core Eudicots/Asterids,Plantaginaceae,Antirrhinum braun-blanquetii,,,
CLRW,Core Eudicots/Asterids,Plantaginaceae,Bacopa caroliniana,,,
EDXZ,Core Eudicots/Asterids,Schlegeliaceae,Schlegelia violacea,,,
GAKQ,Core Eudicots/Asterids,Schlegeliaceae,Schlegelia parasitica,,,
CWLL,Core Eudicots/Asterids,Schlegeliaceae,Schlegelia parasitica,,,
SIBR,Core Eudicots/Asterids,Scrophulariaceae,Celsia arcturus,,,
XXYA,Core Eudicots/Asterids,Scrophulariaceae,Verbascum sp.,,,
EJBY,Core Eudicots/Asterids,Scrophulariaceae,Anticharis glandulosa,,,
XRLM,Core Eudicots/Asterids,Scrophulariaceae,Buddleja lindleyana,,,
GRFT,Core Eudicots/Asterids,Scrophulariaceae,Buddleja sp.,,,
COBX,Core Eudicots/Asterids,Tetrachondraceae,Polypremum procumbens,,,
PSHB,Core Eudicots/Asterids,Verbenaceae,Lantana camara,,,
GCFE,Core Eudicots/Asterids,Verbenaceae,Verbena hastata,,,
MQIV,Core Eudicots/Asterids,Verbenaceae,Phyla dulcis,,,
CPOC,Core Eudicots/Asterids,Convolvulaceae,Convolvulus arvensis,,,
VXKB,Core Eudicots/Asterids,Convolvulaceae,Ipomoea purpurea,,,
SDXI,Core Eudicots/Asterids,Convolvulaceae,Ipomoea purpurea,,,
QSLH,Core Eudicots/Asterids,Convolvulaceae,Ipomoea hederacea,,,
NHAG,Core Eudicots/Asterids,Convolvulaceae,Ipomoea nil,,,
ERWT,Core Eudicots/Asterids,Convolvulaceae,Ipomoea coccinea,,,
ALUC,Core Eudicots/Asterids,Convolvulaceae,Ipomoea quamoclit,,,
EMBR,Core Eudicots/Asterids,Convolvulaceae,Ipomoea pubescens,,,
NAUM,Core Eudicots/Asterids,Convolvulaceae,Ipomoea lindheimeri,,,
OQBM,Core Eudicots/Asterids,Convolvulaceae,Ipomoea indica,,,
IZNU,Core Eudicots/Asterids,Convolvulaceae,Ipomoea lobata,,,
AHRN,Core Eudicots/Asterids,Convolvulaceae,Cuscuta pentagona,,,
KTWL,Core Eudicots/Asterids,Montiniaceae,Kaliphora madagascariensis,,,
BOLZ,Core Eudicots/Asterids,Solanaceae,Atropa belladonna,,,
DLJZ,Core Eudicots/Asterids,Solanaceae,Solanum ptychanthum,,,
GHLP,Core Eudicots/Asterids,Solanaceae,Solanum dulcamara,,,
LQJY,Core Eudicots/Asterids,Solanaceae,Solanum xanthocarpum,,,
LWCK,Core Eudicots/Asterids,Solanaceae,Lycium barbarum,,,
JNVS,Core Eudicots/Asterids,Solanaceae,Datura metel,,,
OSMU,Core Eudicots/Asterids,Solanaceae,Lycium sp.,,,
UGJI,Core Eudicots/Asterids,Solanaceae,Lycopersicon cheesmanii,,,
DLAI,Core Eudicots/Asterids,Solanaceae,Solanum lasiophyllum,,,
NMDZ,Core Eudicots/Asterids,Solanaceae,Solanum sisymbriifolium,,,
MKZR,Core Eudicots/Asterids,Solanaceae,Nicotiana sylvestris,,,
AIOU,Core Eudicots/Asterids,Solanaceae,Brugmansia sanguinea,,,
CLNU,Core Eudicots/Asterids,Escalloniaceae,Escallonia sp. cv. Newport,,,
CLMX,Core Eudicots/Asterids,Escalloniaceae,Escallonia rubra,,,
TPEM,Core Eudicots/Asterids,Escalloniaceae,Platyspermation crassifolium,,,
TQKZ,Core Eudicots/Asterids,Apiaceae,Angelica archangelica,,,
CWYJ,Core Eudicots/Asterids,Apiaceae,Heracleum lanatum,,,
EITK,Core Eudicots/Asterids,Araliaceae,Hedera helix,,,
JBYE,Core Eudicots/Asterids,Araliaceae,Hedera helix,,,
EDBB,Core Eudicots/Asterids,Araliaceae,Polyscias fruticosa,,,
OINM,Core Eudicots/Asterids,Araliaceae,Hydrocotyle umbellata,,,
MVSE,Core Eudicots/Asterids,Griseliniaceae,Griselinia littoralis,,,
QIKZ,Core Eudicots/Asterids,Griseliniaceae,Griselinia racemosa,,,
WEQK,Core Eudicots/Asterids,Mackinlayaceae,Centella asiatica,,,
AJFN,Core Eudicots/Asterids,Myodocarpaceae,Myodocarpus sp.,,,
SBZH,Core Eudicots/Asterids,Pennatiaceae,Pennantia corymbosa,,,
NTEO,Core Eudicots/Asterids,Pittosporaceae,Pittosporum sahnianum,,,
SALZ,Core Eudicots/Asterids,Pittosporaceae,Pittosporum resiniferum,,,
DFYF,Core Eudicots/Asterids,Aquifoliaceae,Ilex sp.,,,
ASMV,Core Eudicots/Asterids,Aquifoliaceae,Ilex vomitoria,,,
SXML,Core Eudicots/Asterids,Aquifoliaceae,Ilex paraguariensis,,,
QACK,Core Eudicots/Asterids,Helwingiaceae,Helwingia japonica,,,
GIOY,Core Eudicots/Asterids,Argophyllaceae,Corokia cotoneaster,,,
WSYE,Core Eudicots/Asterids,Asteraceae,Conyza canadensis,,,
NUSE,Core Eudicots/Asterids,Asteraceae,Conyza canadensis,,,
UBLN,Core Eudicots/Asterids,Asteraceae,Xanthium strumarium,,,
AFQQ,Core Eudicots/Asterids,Asteraceae,Inula helenium,,,
DUQG,Core Eudicots/Asterids,Asteraceae,Tanacetum parthenium,,,
OAGK,Core Eudicots/Asterids,Asteraceae,Matricaria matricarioides,,,
TEZA,Core Eudicots/Asterids,Asteraceae,Solidago canadensis,,,
EYKJ,Core Eudicots/Asterids,Asteraceae,Silybum marianum,,,
DUNJ,Core Eudicots/Asterids,Asteraceae,Helenium autumnale,,,
DESP,Core Eudicots/Asterids,Asteraceae,Erigeron canadensis,,,
XRCX,Core Eudicots/Asterids,Asteraceae,Aster tataricus,,,
UQAZ,Core Eudicots/Asterids,Asteraceae,Flaveria angustifolia,,,
EXHX,Core Eudicots/Asterids,Asteraceae,Flaveria angustifolia,,,
ZNZC,Core Eudicots/Asterids,Asteraceae,Flaveria bidentis,,,
QBGG,Core Eudicots/Asterids,Asteraceae,Flaveria bidentis,,,
LMXP,Core Eudicots/Asterids,Asteraceae,Flaveria brownii,,,
IPUI,Core Eudicots/Asterids,Asteraceae,Flaveria brownii,,,
DSWR,Core Eudicots/Asterids,Asteraceae,Flaveria cronquistii,,,
KJBH,Core Eudicots/Asterids,Asteraceae,Flaveria cronquistii,,,
QXWF,Core Eudicots/Asterids,Asteraceae,Flaveria kochiana,,,
NVSO,Core Eudicots/Asterids,Asteraceae,Flaveria palmeri,,,
GFVW,Core Eudicots/Asterids,Asteraceae,Flaveria pringlei,,,
RZSW,Core Eudicots/Asterids,Asteraceae,Flaveria pringlei,,,
JZHZ,Core Eudicots/Asterids,Asteraceae,Flaveria pubescens,,,
HXDV,Core Eudicots/Asterids,Asteraceae,Flaveria pubescens,,,
UYED,Core Eudicots/Asterids,Asteraceae,Flaveria sonorensis,,,
HRVY,Core Eudicots/Asterids,Asteraceae,Flaveria trinervia,,,
RLCS,Core Eudicots/Asterids,Asteraceae,Flaveria trinervia,,,
HXCD,Core Eudicots/Asterids,Asteraceae,Flaveria vaginata,,,
DDRL,Core Eudicots/Asterids,Asteraceae,Tragopogon dubius,,,
BMSE,Core Eudicots/Asterids,Asteraceae,Senecio rowleyanus,,,
FUPX,Core Eudicots/Asterids,Asteraceae,Tragopogon pratensis,,,
KGJF,Core Eudicots/Asterids,Asteraceae,Tragopogon porrifolius,,,
KFZY,Core Eudicots/Asterids,Asteraceae,Tragopogon castellanus,,,
ZGDS,Core Eudicots/Asterids,Asteraceae,Lactuca graminifolia,,,
MMJI,Core Eudicots/Asterids,Asteraceae,Lactuca graminifolia,,,
CFRN,Core Eudicots/Asterids,Asteraceae,Carthamus lanatus,,,
JNKW,Core Eudicots/Asterids,Asteraceae,Cicerbita plumieri,,,
GUMF,Core Eudicots/Asterids,Asteraceae,Anthemis tinctoria,,,
DOVJ,Core Eudicots/Asterids,Asteraceae,Leontopodium alpinum,,,
IZLO,Core Eudicots/Asterids,Campanulaceae,Lobelia siphilitica,,,
IHPC,Core Eudicots/Asterids,Campanulaceae,Platycodon grandiflorus,,,
HUQC,Core Eudicots/Asterids,Goodeniaceae,Scaevola mossambicensis,,,
IXVJ,Core Eudicots/Asterids,Menyanthaceae,Menyanthes trifoliata,,,
AUIP,Core Eudicots/Asterids,Phellinaceae,Phelline lucida,,,
FXGI,Core Eudicots/Asterids,Stylidiaceae,Stylidium adnatum,,,
HLJG,Core Eudicots/Asterids,Adoxaceae,Viburnum odoratissimum,,,
SNBI,Core Eudicots/Asterids,Adoxaceae,Sambucus canadensis,,,
QRNU,Core Eudicots/Asterids,Adoxaceae,Sambucus canadensis,,,
GSZA,Core Eudicots/Asterids,Caprifoliaceae,Lonicera japonica,,,
CAQZ,Core Eudicots/Asterids,Caprifoliaceae s. l.,Symphoricarpos sp.,,,
JTRM,Core Eudicots/Asterids,[Dipsacaceae],Dipsacus asper,,,
FFFY,Core Eudicots/Asterids,[Valerianaceae],Valeriana officinalis,,,
MTII,Monocots,Acoraceae,Acorus americanus,,,
DWZT,Monocots,Alismataceae,Sagittaria latifolia,,,
MFIN,Monocots,Araceae,Pistia stratiotes,,,
COCP,Monocots,Juncaginaceae,Triglochin maritima,,,
BYQM,Monocots,Posidoniaceae,Posidonia australis,,,
OCWZ,Monocots,Dioscoreaceae,Dioscorea villosa,,,
VVVV,Monocots,Cyclanthaceae,Ludovia sp.,,,
DGXS,Monocots,Pandanaceae,Freycinetia multiflora,,,
VBHQ,Monocots,Stemonaceae,Stemona tuberosa,,,
SILJ,Monocots,Velloziaceae,Talbotia elegans,,,
QOXT,Monocots,Velloziaceae,Xerophyta villosa,,,
NHIX,Monocots,Colchicaceae,Colchicum autumnale,,,
OVRB,Monocots,Colchicaceae,Colchicum autumnale,,,
SFCT,Monocots,Colchicaceae,Colchicum autumnale,,,
GDKK,Monocots,Colchicaceae,Gloriosa superba,,,
THEW,Monocots,Liliaceae,Lilium sargentiae,,,
AFLV,Monocots,Melanthiaceae,Xerophyllum asphodeloides,,,
OOSO,Monocots,Melanthiaceae,Helonias bullata,,,
MWYQ,Monocots,Smilacaceae,Smilax bona-nox,,,
PRFO,Monocots,Agapanthaceae,Agapanthus africanus,,,
KXSK,Monocots,Agavaceae,Agave tequilana,,,
YBML,Monocots,Agavaceae,Yucca brevifolia,,,
ICNN,Monocots,Agavaceae,Yucca filamentosa,,,
PLBZ,Monocots,Agavaceae,Chlorogalum pomeridianum,,,
CMCY,Monocots,Agavaceae,Hesperaloe parviflora,,,
GJPF,Monocots,Alliaceae,Allium sativum,,,
KBXS,Monocots,Alliaceae,Allium commutatum,,,
LDME,Monocots,Amaryllidaceae,Amaryllis belladonna,,,
XEUV,Monocots,Amaryllidaceae,Narcissus viridiflorus,,,
IQYY,Monocots,Amaryllidaceae,Narcissus viridiflorus,,,
DMIN,Monocots,Amaryllidaceae,Phycella aff. cyrtanthoides,,,
JDTY,Monocots,Amaryllidaceae,Rhodophiala pratensis,,,
ZKPF,Monocots,Amaryllidaceae,Traubia modesta,,,
DPFW,Monocots,Amaryllidaceae,Zephyranthes treatiae,,,
FGRF,Monocots,Asparagaceae,Asparagus densiflorus,,,
XFJG,Monocots,Asparagaceae,Maianthemum canadense,,,
RCUX,Monocots,Asparagaceae,Maianthemum sp.,,,
UZXL,Monocots,Asparagaceae,Disporopsis pernyi,,,
JVBR,Monocots,Asphodelaceae,Aloe vera,,,
EMJJ,Monocots,Boryaceae,Borya sphaerocephala,,,
FCEL,Monocots,Hemerocallidaceae,Phormium tenax,,,
BLAJ,Monocots,Hemerocallidaceae,Hemerocallis spp.,,,
JHUL,Monocots,Hemerocallidaceae,Hemerocallis sp.,,,
KOFB,Monocots,Hyacinthaceae,Urginea maritima,,,
SVTS,Monocots,Hyacinthaceae,Drimia altissima,,,
YJUG,Monocots,Hypoxidaceae,Curculigo sp.,,,
LTZF,Monocots,Iridaceae,Sisyrinchium angustifolium,,,
MUMD,Monocots,Laxmanniaceae,Lomandra longifolia,,,
VTUS,Monocots,Orchidaceae,Goodyera pubescens,,,
MTHW,Monocots,Orchidaceae,Platanthera clavellata,,,
THDM,Monocots,Orchidaceae,Vanilla planifolia,,,
XZME,Monocots,Orchidaceae,Drakaea elastica,,,
CNTZ,Monocots,Orchidaceae,Oncidium sphacelatum,,,
JSAG,Monocots,Orchidaceae,Masdevallia yuangensis,,,
LELS,Monocots,Orchidaceae,Haemaria discolor,,,
MVRF,Monocots,Ruscaceae,Sansevieria trifasciata,,,
HOKG,Monocots,Ruscaceae,Nolina atopocarpa,,,
LSJW,Monocots,Ruscaceae,Ruscus sp.,,,
ONBE,Monocots,Ruscaceae,Eriospermum lancifolia,,,
RQZP,Monocots,Ruscaceae,Nolina bigelovii,,,
TCYS,Monocots,Ruscaceae,Peliosanthes minor,,,
KYNE,Monocots,Tecophilaeaceae,Cyanella orchidiformis,,,
RDYY,Monocots,Tecophilaeaceae,Cyanastrum cordifolium,,,
IXEM,Monocots,Themidaceae,Brodiaea sierrae,,,
WTDE,Monocots,Xanthorrhoeaceae,Johnsonia pubescens,,,
SART,Monocots,Xeronemataceae,Xeronema callistemon,,,
QGLJ,Monocots/Commelinids,Arecaceae,Cocos nucifera,,,
NSPR,Monocots/Commelinids,Arecaceae,Nypa fruticans,,,
HXJE,Monocots/Commelinids,Arecaceae,Serenoa repens,,,
HWUP,Monocots/Commelinids,Arecaceae,Sabal bermudana,,,
YMES,Monocots/Commelinids,Arecaceae,Typhonium blumei,,,
TZNS,Monocots/Commelinids,Cannaceae,Canna sp.,,,
KNKV,Monocots/Commelinids,Heliconiaceae,Heliconia sp.,,,
TNWF,Monocots/Commelinids,Heliconiaceae,Heliconia sp.,,,
LSKK,Monocots/Commelinids,Lowiaceae,Orchidantha maxillarioides,,,
JNUB,Monocots/Commelinids,Marantaceae,Maranta leuconeura,,,
UOEL,Monocots/Commelinids,Strelitziaceae,Strelitzia reginae,,,
JQCX,Monocots/Commelinids,Zingiberaceae,Curcuma longa,,,
OYLU,Monocots/Commelinids,Zingiberaceae,Curcuma longa,,,
BDJQ,Monocots/Commelinids,Zingiberaceae,Zingiber officinale,,,
BYPY,Monocots/Commelinids,Bromeliaceae,Brocchinia reducta,,,
PWSG,Monocots/Commelinids,Cyperaceae,Cyperus papyrus,,,
WBIB,Monocots/Commelinids,Cyperaceae,Lepidosperma gibsonii,,,
XPAF,Monocots/Commelinids,Cyperaceae,Mapania palustris,,,
WXNT,Monocots/Commelinids,Joinvilleaceae,Joinvillea ascendens,,,
CIEA,Monocots/Commelinids,Juncaceae,Juncus inflexus,,,
RMVB,Monocots/Commelinids,Poaceae,Avena fatua,,,
IADP,Monocots/Commelinids,Poaceae,Deschampsia cespitosa,,,
YPIC,Monocots/Commelinids,Poaceae,Microstegium vimineum,,,
YXNR,Monocots/Commelinids,Poaceae,Triodia aff. bynoei,,,
SOHV,Monocots/Commelinids,Poaceae,Panicum miliaceum,,,
ROEI,Monocots/Commelinids,Poaceae,Cymbopogon nardus,,,
ZENX,Monocots/Commelinids,Poaceae,Neurachne alopecuroidea,,,
VQYB,Monocots/Commelinids,Poaceae,Neurachne lanigera,,,
ZMGN,Monocots/Commelinids,Poaceae,Neurachne munroi,,,
BPKH,Monocots/Commelinids,Poaceae,Neurachne annularis,,,
BXAY,Monocots/Commelinids,Poaceae,Neurachne minor,,,
NNOK,Monocots/Commelinids,Poaceae,Neurachne tenuifolia,,,
XUAB,Monocots/Commelinids,Poaceae,Paraneurachne muelleri,,,
WCOR,Monocots/Commelinids,Poaceae,Thyridolepis multiculmis,,,
XBKS,Monocots/Commelinids,Poaceae,Thyridolepis mitchelliana,,,
HATH,Monocots/Commelinids,Poaceae,Aristida stricta,,,
RCAH,Monocots/Commelinids,Poaceae,Uniola paniculata,,,
TIJL,Monocots/Commelinids,Poaceae,Eleusine coracana,,,
OMXG,Monocots/Commelinids,Poaceae,Eleusine coracana,,,
CXSJ,Monocots/Commelinids,Poaceae,Eleusine coracana,,,
PZAP,Monocots/Commelinids,Poaceae,Eleusine coracana,,,
YLWW,Monocots/Commelinids,Poaceae,Uniola paniculata,,,
BSTR,Monocots/Commelinids,Restionaceae,Chondropetalum tectorum,,,
PPQR,Monocots/Commelinids,Typhaceae,Typha angustifolia,,,
BRUD,Monocots/Commelinids,Typhaceae,Typha latifolia,,,
SGTW,Ginkgoales,Ginkgoaceae,Ginkgo biloba,,,
VDAO,Gnetales,Ephedraceae,Ephedra sinica,,,
GTHK,Gnetales,Gnetaceae,Gnetum montanum,,,
TOXE,Gnetales,Welwitschiaceae,Welwitschia mirabilis,,,
XZUY,Cycadales,Cycadaceae,Cycas micholitzii,,,
KAWQ,Cycadales,Stangeriaceae,Stangeria eriopus,,,
WLIC,Cycadales,Zamiaceae,Dioon edule,,,
GNQG,Cycadales,Zamiaceae,Encephalartos barteri,,,
MIXZ,Conifers,Araucariaceae,Agathis robusta,,,
XTZO,Conifers,Araucariaceae,Araucaria rulei,,,
ACWS,Conifers,Araucariaceae,Agathis macrophylla,,,
RSCE,Conifers,Araucariaceae,Wollemia nobilis,,,
WYAJ,Conifers,Cephalotaxaceae,Cephalotaxus harringtonia,,,
GJTI,Conifers,Cephalotaxaceae,Cephalotaxus harringtonia,,,
IAJW,Conifers,Cephalotaxaceae,Amentotaxus argotaenia,,,
XIRK,Conifers,Cupressaceae,Athrotaxis cupressoides,,,
YYPE,Conifers,Cupressaceae,Austrocedrus chilensis,,,
IFLI,Conifers,Cupressaceae,Callitris gracilis,,,
RMMV,Conifers,Cupressaceae,Callitris macleayana,,,
FRPM,Conifers,Cupressaceae,Calocedrus decurrens,,,
AIGO,Conifers,Cupressaceae,Chamaecyparis lawsoniana,,,
DSXO,Conifers,Cupressaceae,Cryptomeria japonica,,,
HOUF,Conifers,Cupressaceae,Cryptomeria japonica,,,
OUOI,Conifers,Cupressaceae,Cunninghamia lanceolata,,,
ESYX,Conifers,Cupressaceae,Cunninghamia lanceolata,,,
QNGJ,Conifers,Cupressaceae,Cupressus dupreziana,,,
GKCZ,Conifers,Cupressaceae,Diselma archeri,,,
UEVI,Conifers,Cupressaceae,Fokienia hodginsii,,,
OXGJ,Conifers,Cupressaceae,Glyptostrobus pensilis,,,
XMGP,Conifers,Cupressaceae,Juniperus scopulorum,,,
NRXL,Conifers,Cupressaceae,Metasequoia glyptostroboides,,,
XQSG,Conifers,Cupressaceae,Microbiota decussata,,,
JDQB,Conifers,Cupressaceae,Neocallitropsis pancheri,,,
OVIJ,Conifers,Cupressaceae,Papuacedrus papuana,,,
ETCJ,Conifers,Cupressaceae,Pilgerodendron uviferum,,,
BUWV,Conifers,Cupressaceae,Platycladus orientalis,,,
HBGV,Conifers,Cupressaceae,Sequoia sempervirens,,,
QFAE,Conifers,Cupressaceae,Sequoiadendron giganteum Glaucum,,,
QSNJ,Conifers,Cupressaceae,Taiwania cryptomerioides,,,
FHST,Conifers,Cupressaceae,Taxodium distichum,,,
CGDN,Conifers,Cupressaceae,Tetraclinis sp.,,,
VFYZ,Conifers,Cupressaceae,Thuja plicata,,,
NKIN,Conifers,Cupressaceae,Thujopsis dolabrata,,,
AUDE,Conifers,Cupressaceae,Widdringtonia cedarbergensis,,,
VSRH,Conifers,Pinaceae,Abies lasiocarpa,,,
NPRL,Conifers,Pinaceae,Cathaya argyrophylla,,,
GGEA,Conifers,Pinaceae,Cedrus libani,,,
JUWL,Conifers,Pinaceae,Keteleeria evelyniana,,,
WVWN,Conifers,Pinaceae,Larix speciosa,,,
AREG,Conifers,Pinaceae,Nothotsuga longibracteata,,,
AWQB,Conifers,Pinaceae,Picea engelmannii,,,
IIOL,Conifers,Pinaceae,Pinus parviflora,,,
DZQM,Conifers,Pinaceae,Pinus radiata,,,
JBND,Conifers,Pinaceae,Pinus ponderosa,,,
MFTM,Conifers,Pinaceae,Pinus jeffreyi,,,
AQFM,Conifers,Pinaceae,Pseudolarix amabilis,,,
IOVS,Conifers,Pinaceae,Pseudotsuga wilsoniana,,,
GAMH,Conifers,Pinaceae,Tsuga heterophylla,,,
HILW,Conifers,Podocarpaceae,Acmopyle pancheri,,,
FMWZ,Conifers,Podocarpaceae,Dacrycarpus compactus,,,
IZGN,Conifers,Podocarpaceae,Dacrydium balansae,,,
QHBI,Conifers,Podocarpaceae,Falcatifolium taxoides,,,
ROWR,Conifers,Podocarpaceae,Falcatifolium taxoides,,,
OWFC,Conifers,Podocarpaceae,Halocarpus bidwillii,,,
ZQWM,Conifers,Podocarpaceae,Lagarostrobos franklinii,,,
CDFR,Conifers,Podocarpaceae,Manoao colensoi,,,
MHGD,Conifers,Podocarpaceae,Microcachrys tetragona,,,
BBDD,Conifers,Podocarpaceae,Lepidothamnus sp.,,,
UUJS,Conifers,Podocarpaceae,Nageia nagi,,,
JZVE,Conifers,Podocarpaceae,Parasitaxus usta,,,
JRNA,Conifers,Podocarpaceae,Phyllocladus hypophyllus,,,
SCEB,Conifers,Podocarpaceae,Podocarpus coriaceus,,,
XLGK,Conifers,Podocarpaceae,Podocarpus rubens,,,
EGLZ,Conifers,Podocarpaceae,Prumnopitys andina,,,
VGSX,Conifers,Podocarpaceae,Retrophyllum minus,,,
QCGM,Conifers,Podocarpaceae,Saxegothaea conspicua,,,
KLGF,Conifers,Podocarpaceae,Sundacarpus amarus,,,
YFZK,Conifers,Sciadopityaceae,Sciadopitys verticillata,,,
BTTS,Conifers,Taxaceae,Austrotaxus spicata,,,
YLPM,Conifers,Taxaceae,Pseudotaxus chienii,,,
WWSS,Conifers,Taxaceae,Taxus baccata,,,
ZYAX,Conifers,Taxaceae,Taxus cuspidata,,,
EFMS,Conifers,Taxaceae,Torreya taxifolia,,,
HQOM,Conifers,Taxaceae,Torreya nucifera,,,
GAON,Lycophytes,Lycopodiaceae,Huperzia squarrosa,,,
GKAG,Lycophytes,Lycopodiaceae,Huperzia lucidula,,,
NYBX,Lycophytes,Lycopodiaceae,Huperzia selago,,,
CBAE,Lycophytes,Huperziaceae,Huperzia myrsinites,,,
ZZEI,Lycophytes,Huperziaceae,Phylloglossum drummondii,,,
GTUO,Lycophytes,Huperziaceae,Huperzia selago,,,
ULKT,Lycophytes,Lycopodiaceae,Lycopodiella appressa,,,
PQTO,Lycophytes,Lycopodiaceae,Lycopodium deuterodensum,,,
ENQF,Lycophytes,Lycopodiaceae,Lycopodium annotinum,,,
UPMJ,Lycophytes,Lycopodiaceae,Pseudolycopodiella caroliniana,,,
XNXF,Lycophytes,Lycopodiaceae,Dendrolycopodium obscurum,,,
WAFT,Lycophytes,Lycopodiaceae,Diphasiastrum digitatum,,,
PKOX,Lycophytes,Isoetaceae,Isoetes tegetiformans,,,
PYHZ,Lycophytes,Isoetaceae,Isoetes sp.,,,
LGDQ,Lycophytes,Selaginellaceae,Selaginella apoda,,,
JKAA,Lycophytes,Selaginellaceae,Selaginella wallacei,,,
ABIJ,Lycophytes,Selaginellaceae,Selaginella lepidophylla,,,
ZYCD,Lycophytes,Selaginellaceae,Selaginella acanthonota,,,
ZZOL,Lycophytes,Selaginellaceae,Selaginella stauntoniana,,,
KUXM,Lycophytes,Selaginellaceae,Selaginella selaginoides,,,
ZFGK,Lycophytes,Selaginellaceae,Selaginella kraussiana,,,
KJYC,Lycophytes,Selaginellaceae,Selaginella willdenowii,,,
CAPN,Eusporangiate Monilophytes,Equisetaceae,Equisetum diffusum,,,
JVSZ,Eusporangiate Monilophytes,Equisetaceae,Equisetum hyemale,,,
NHCM,Eusporangiate Monilophytes,Marattiaceae,Angiopteris evecta,,,
UXCS,Eusporangiate Monilophytes,Marattiaceae,Marattia sp.,,,
UGNK,Eusporangiate Monilophytes,Marattiaceae,Marattia attenuata,,,
DFHO,Eusporangiate Monilophytes,Marattiaceae,Danaea nodosa,,,
BEGM,Eusporangiate Monilophytes,Ophioglossaceae,Botrypus virginianus,,,
WTJG,Eusporangiate Monilophytes,Ophioglossaceae,Ophioglossum petiolatum,,,
QHVS,Eusporangiate Monilophytes,Ophioglossaceae,Ophioglossum vulgatum,,,
EEAQ,Eusporangiate Monilophytes,Ophioglossaceae,Sceptridium dissectum,,,
QVMR,Eusporangiate Monilophytes,Psilotaceae,Psilotum nudum,,,
ALVQ,Eusporangiate Monilophytes,Psilotaceae,Tmesipteris parva,,,
PNZO,Leptosporangiate Monilophytes,Culcitaceae,Culcita macrocarpa,,,
GANB,Leptosporangiate Monilophytes,Cyatheaceae,Cyathea (Alsophila) spinulosa,,,
EWXK,Leptosporangiate Monilophytes,Thyrsopteridaceae,Thyrsopteris elegans,,,
XDVM,Leptosporangiate Monilophytes,Gleicheniaceae,Sticherus lobatus,,,
MEKP,Leptosporangiate Monilophytes,Dipteridaceae,Dipteris conjugata,,,
TWFZ,Leptosporangiate Monilophytes,Hymenophyllaceae,Crepidomanes venosum,,,
QIAD,Leptosporangiate Monilophytes,Hymenophyllaceae,Hymenophyllum bivalve,,,
TRPJ,Leptosporangiate Monilophytes,Hymenophyllaceae,Hymenophyllum cupressiforme,,,
BIVQ,Leptosporangiate Monilophytes,Osmundaceae,Osmundastrum cinnamomeum,,,
RFMZ,Leptosporangiate Monilophytes,Osmundaceae,Osmundastrum cinnamomeum,,,
YKSS,Leptosporangiate Monilophytes,Osmundaceae,Osmunda regalis,,,
UOMY,Leptosporangiate Monilophytes,Osmundaceae,Osmunda sp.,,,
VIBO,Leptosporangiate Monilophytes,Osmundaceae,Osmunda javanica,,,
UWOD,Leptosporangiate Monilophytes,Plagiogyriaceae,Plagiogyria japonica,,,
IXLH,Leptosporangiate Monilophytes,Polypodiaceae,Polypodium hesperium,,,
GYFU,Leptosporangiate Monilophytes,Polypodiaceae,Polypodium hesperium,,,
YLJA,Leptosporangiate Monilophytes,Polypodiaceae,Polypodium amorphum,,,
CJNT,Leptosporangiate Monilophytes,Polypodiaceae,Polypodium glycyrrhiza,,,
ZQYU,Leptosporangiate Monilophytes,Polypodiaceae,Phlebodium pseudoaureum,,,
UJWU,Leptosporangiate Monilophytes,Polypodiaceae,Pleopeltis polypodioides,,,
ORJE,Leptosporangiate Monilophytes,Polypodiaceae,Phymatosorus grossus,,,
OQWW,Leptosporangiate Monilophytes,Davalliaceae,Davallia fejeensis,,,
NWWI,Leptosporangiate Monilophytes,Lomariopsidaceae,Nephrolepis exaltata,,,
JBLI,Leptosporangiate Monilophytes,Elaphoglossaceae,Bolbitis repanda,,,
FQGQ,Leptosporangiate Monilophytes,Dryopteridaceae,Polystichum acrostichoides,,,
RFRB,Leptosporangiate Monilophytes,Hypodematiaceae,Didymochlaena truncatula,,,
WGTU,Leptosporangiate Monilophytes,Hypodematiaceae,Leucostegia immersa,,,
PSKY,Leptosporangiate Monilophytes,Aspleniaceae,Asplenium nidus,,,
KJZG,Leptosporangiate Monilophytes,Aspleniaceae,Asplenium platyneuron,,,
OCZL,Leptosporangiate Monilophytes,Diplaziopsidaceae,Homalosorus pycnocarpos,,,
MROH,Leptosporangiate Monilophytes,Thelypteridaceae,Thelypteris acuminata,,,
YJJY,Leptosporangiate Monilophytes,Woodsiaceae,Woodsia scopulina,,,
YQEC,Leptosporangiate Monilophytes,Woodsiaceae,Woodsia ilvensis,,,
HTFH,Leptosporangiate Monilophytes,Onocleaceae,Onoclea sensibilis,,,
VITX,Leptosporangiate Monilophytes,Blechnaceae,Blechnum spicant,,,
AFPO,Leptosporangiate Monilophytes,Athyriaceae,Athyrium sp.,,,
URCP,Leptosporangiate Monilophytes,Athyriaceae,Athyrium filix-femina,,,
FCHS,Leptosporangiate Monilophytes,Athyriaceae,Deparia lobato-crenata,,,
UFJN,Leptosporangiate Monilophytes,Athyriaceae,Diplazium wichurae,,,
HNDZ,Leptosporangiate Monilophytes,Cystopteridaceae,Cystopteris utahensis,,,
LHLE,Leptosporangiate Monilophytes,Cystopteridaceae,Cystopteris fragilis,,,
XXHP,Leptosporangiate Monilophytes,Cystopteridaceae,Cystopteris fragilis,,,
RICC,Leptosporangiate Monilophytes,Cystopteridaceae,Cystopteris reevesiana,,,
YOWV,Leptosporangiate Monilophytes,Cystopteridaceae,Cystopteris protrusa,,,
HEGQ,Leptosporangiate Monilophytes,Cystopteridaceae,Gymnocarpium dryopteris,,,
MTGC,Leptosporangiate Monilophytes,Dennstaedtiaceae,Dennstaedtia davallioides,,,
WCLG,Leptosporangiate Monilophytes,Pteridaceae,Adiantum aleuticum,,,
BMJR,Leptosporangiate Monilophytes,Pteridaceae,Adiantum raddianum,,,
DCDT,Leptosporangiate Monilophytes,Pteridaceae,Gaga arizonica,,,
WQML,Leptosporangiate Monilophytes,Pteridaceae,Cryptogramma acrostichoides,,,
ZXJO,Leptosporangiate Monilophytes,Pteridaceae,Parahemionitis cordata,,,
POPJ,Leptosporangiate Monilophytes,Pteridaceae,Pteris vittata,,,
FLTD,Leptosporangiate Monilophytes,Pteridaceae,Pteris ensiformis,,,
UJTT,Leptosporangiate Monilophytes,Pteridaceae,Pityrogramma trifoliata,,,
YCKE,Leptosporangiate Monilophytes,Pteridaceae,Notholaena montieliae,,,
XDDT,Leptosporangiate Monilophytes,Pteridaceae,Argyrochosma nivea,,,
GSXD,Leptosporangiate Monilophytes,Pteridaceae,Myriopteris rufa,,,
SKYV,Leptosporangiate Monilophytes,Pteridaceae,Vittaria lineata,,,
NDUV,Leptosporangiate Monilophytes,Pteridaceae,Vittaria appalachiana,,,
PIVW,Leptosporangiate Monilophytes,Pteridaceae,Ceratopteris thalictroides,,,
NOKI,Leptosporangiate Monilophytes,Lindsaeaceae,Lindsaea linearis,,,
YIXP,Leptosporangiate Monilophytes,Lindsaeaceae,Lindsaea microphylla,,,
BMIF,Leptosporangiate Monilophytes,Lindsaeaceae,Aspenium sp.,,,
VVRN,Leptosporangiate Monilophytes,Lonchitidaceae,Lonchitis hirsuta,,,
CVEG,Leptosporangiate Monilophytes,Salviniaceae,Azolla cf. caroliniana,,,
KIIX,Leptosporangiate Monilophytes,Marsileaceae,Pilularia globulifera,,,
CQPW,Leptosporangiate Monilophytes,Anemiaceae,Anemia tomentosa,,,
PBUU,Leptosporangiate Monilophytes,Lygodiaceae,Lygodium japonicum,,,
WOGB,Mosses,Andreaeaceae,Andreaea rupestris,,,
ORKS,Mosses,Bartramiaceae,Philonotis fontana,,,
BGXB,Mosses,Mielichhoferiaceae,Plagiomnium insigne,,,
JMXW,Mosses,Bryaceae,Bryum argenteum,,,
WNGH,Mosses,Aulacomniaceae,Aulacomnium heterostichum,,,
VBMM,Mosses,Brachytheciaceae,Claopodium rostratum,,,
QMWB,Mosses,Myuriaceae,Anomodon attenuatus,,,
ABCD,Mosses,Grimmiaceae,Racomitrium elongatum,,,
RDOO,Mosses,Grimmiaceae,Racomitrium varium,,,
BPSG,Mosses,Scouleriaceae,Scouleria aquatica,,,
HRWG,Mosses,Buxbaumiaceae,Buxbaumia aphylla,,,
NGTD,Mosses,Dicranaceae,Dicranum scoparium,,,
VMXJ,Mosses,Leucobryaceae,Leucobryum albidum,,,
RGKI,Mosses,Leucobryaceae,Leucobryum glaucum,,,
FFPD,Mosses,Ditrichaceae,Ceratodon purpureus,,,
AWOI,Mosses,Diphysciaceae,Diphyscium foliosum,,,
KEFD,Mosses,Encalyptaceae,Encalypta streptocarpa,,,
XWHK,Mosses,Bryaceae,Rosulabryum cf. capillare,,,
YEPO,Mosses,Funariaceae,Physcomitrium sp.,,,
YWNF,Mosses,Hedwigiaceae,Hedwigia ciliata,,,
WSPM,Mosses,Hylocomiaceae,Loeskeobryum brevirostre,,,
ZACW,Mosses,Leucodontaceae,Leucodon brachypus,,,
LNSF,Mosses,Pylaisiaceae,Stereodon subimponens,,,
QKQO,Mosses,Plagiotheciaceae,Pseudotaxiphyllum elegans,,,
EEMJ,Mosses,Thuidiaceae,Thuidium delicatulum,,,
JADL,Mosses,Brachytheciaceae,Rhynchostegium serrulatum,,,
IGUH,Mosses,Leucodontaceae,Leucodon julaceus,,,
TAVP,Mosses,Calliergonaceae,Calliergon cordifolium,,,
MIRS,Mosses,Climaciaceae,Climacium dendroides,,,
DHWX,Mosses,Fontinalaceae,Fontinalis antipyretica,,,
TMAJ,Mosses,Neckeraceae,Neckera douglasii,,,
CMEQ,Mosses,Orthotrichaceae,Orthotrichum lyellii,,,
SZYG,Mosses,Polytrichaceae,Polytrichum commune,,,
ZTHV,Mosses,Polytrichaceae,Atrichum angustatum,,,
GRKU,Mosses,Pottiaceae,Syntrichia princeps,,,
GOWD,Mosses,Sphagnaceae,Sphagnum lescurii,,,
RCBT,Mosses,Sphagnaceae,Sphagnum palustre,,,
UHLI,Mosses,Sphagnaceae,Sphagnum recurvum,,,
SKQD,Mosses,Takakiaceae,Takakia lepidozioides,,,
HVBQ,Mosses,Tetraphidaceae,Tetraphis pellucida,,,
ZQRI,Mosses,Timmiaceae,Timmia austriaca,,,
FANS,Hornworts,Leiosporocerotaceae,Leiosporoceros dussii,,,
ANON,Hornworts,Leiosporocerotaceae,Leiosporoceros dussii,,,
IQJU,Hornworts,Anthoceroceae,Anthoceros angustus,,,
TWUW,Hornworts,Anthoceroceae,Anthoceros agrestis,,,
BSNI,Hornworts,Anthoceroceae,Anthoceros agrestis,,,
FAJB,Hornworts,Notothyladaceae,Paraphymatoceros hallii,,,
WCZB,Hornworts,Notothyladaceae,Phaeoceros carolinianus,,,
RXRQ,Hornworts,Notothyladaceae,Phaeoceros carolinianus,,,
WEEQ,Hornworts,Notothyladaceae,Phaeoceros carolinianus,,,
ZFRE,Hornworts,Notothyladaceae,Phaeoceros carolinianus,,,
DXOU,Hornworts,Dendrocerotaceae,Nothoceros aenigmaticus,,,
TCBC,Hornworts,Dendrocerotaceae,Nothoceros vincentianus,,,
UCRN,Hornworts,Dendrocerotaceae,Megaceros flagellaris,,,
AKXB,Hornworts,Dendrocerotaceae,Phaeomegaceros coriaceus,,,
AEXY,Liverworts,Blasiaceae,Blasia sp.,,,
YBQN,Liverworts,Cephaloziaceae,Odontoschisma prostratum,,,
WZYK,Liverworts,Lepidoziaceae,Bazzania trilobata,,,
RTMU,Liverworts,Calypogeiaceae,Calypogeia fissa,,,
CHJJ,Liverworts,Frullaniaceae,Frullania spp.,,,
IRBN,Liverworts,Scapaniaceae,Scapania nemorosa,,,
OFTV,Liverworts,Scapaniaceae,Barbilophozia barbata,,,
HPXA,Liverworts,Ptilidiaceae,Ptilidium pulcherrimum,,,
LGOW,Liverworts,Schistochilaceae,Schistochila sp.,,,
UUHD,Liverworts,Porellaceae,Porella pinnata,,,
NWQC,Liverworts,Plagiochilaceae/Fissidentaceae,mixed species,,,
TGKW,Liverworts,Frullaniaceae,Frullania sp.,,,
JPYU,Liverworts,Marchantiaceae,Marchantia polymorpha,,,
TFYI,Liverworts,Marchantiaceae,Marchantia emarginata,,,
HMHL,Liverworts,Marchantiaceae,Marchantia paleacea,,,
IHWO,Liverworts,Marchantiaceae,Marchantia paleacea,,,
ILBQ,Liverworts,Conocephalaceae,Conocephalum conicum,,,
TXVB,Liverworts,Lunulariaceae,Lunularia cruciata,,,
TFDQ,Liverworts,Monocleaceae,Monoclea gottschei,,,
WJLO,Liverworts,Ricciaceae,Ricciocarpos natans,,,
NRWZ,Liverworts,Metzgeriaceae,Metzgeria crassipilis,,,
YFGP,Liverworts,Pallaviciniaceae,Pallavicinia lyellii,,,
PIUF,Liverworts,Pelliaceae,Pellia sp. (cf epiphylla (L.) Corda),,,
JHFI,Liverworts,Pelliaceae,Pellia neesiana,,,
YPSN,Liverworts,Pelliaceae,Noteroclada confluens,,,
KRUQ,Liverworts,Porellaceae,Porella navicularis,,,
BNCU,Liverworts,Radulaceae,Radula lindenbergiana,,,
HERT,Liverworts,Sphaerocarpaceae,Sphaerocarpos texanus,,,
FITN,Liverworts,Treubiaceae,Treubia lacunosa,,,
XMCL,Green Algae,Prasinococcaceae,Prasinococcus capsulatus,,,
XJGM,Green Algae,Prasinococcaceae,coccoid-prasinophyte,,,
HYHN,Green Algae,Prasinococcaceae,Prasinoderma coloniale,,,
MXEZ,Green Algae,Pycnococcaceae,Pycnococcus provasolii,,,
JMTE,Green Algae,Pycnococcaceae,Pseudoscourfieldia marina,,,
TNAW,Green Algae,Pyramimonadaceae,Pyramimonas parkeae,,,
XIVI,Green Algae,Pyramimonadaceae,Cymbomonas sp.,,,
AYPS,Green Algae,incertae sedis,unidentified species,,,
MCPK,Green Algae,Mamiellaceae,Bathycoccus prasinos,,,
QXSZ,Green Algae,Mamiellaceae,Mantoniella squamata,,,
BTFM,Green Algae,Monomasticaceae,Monomastix opisthostigma,,,
XOAL,Green Algae,Dolichomastigaceae,Dolichomastix tenuilepis,,,
MMKU,Green Algae,Nephroselmidaceae,Nephroselmis olivacea,,,
ISIM,Green Algae,Nephroselmidaceae,Nephroselmis pyriformis,,,
FMVB,Green Algae,Chlorodendraceae,Scherffelia dubia,,,
HVNO,Green Algae,Chlorodendraceae,Tetraselmis chui,,,
DUMA,Green Algae,Chlorodendraceae,Tetraselmis cordiformis,,,
HHXJ,Green Algae,Chlorodendraceae,Tetraselmis striata,,,
BAZF,Green Algae,Chaetopeltidaceae,Chaetopeltis orbicularis,,,
VFIV,Green Algae,Chaetophoraceae,Fritschiella tuberosa,,,
AJAU,Green Algae,Chaetophoraceae,Helicodictyon planctonicum,,,
NQYP,Green Algae,Chaetophoraceae,Pirula salina,,,
JMUI,Green Algae,Chaetophoraceae,Stigeoclonium helveticum,,,
RAWF,Green Algae,Chaetophoraceae,Uronema belkae,,,
ISGT,Green Algae,Chaetophoraceae,Uronema sp.,,,
IJMT,Green Algae,Aphanochaetaceae,Aphanochaete repens,,,
GXBM,Green Algae,Coccomyxaceae,Coccomyxa pringsheimii,,,
BZSH,Green Algae,Golenkiniaceae,Golenkinia longispicula,,,
XKWQ,Green Algae,Hydrodictyaceae,Pediastrum duplex CCAC 0012,,,
NLOM,Green Algae,Hydrodictyaceae,Pediastrum duplex CCAC 0012,,,
XTON,Green Algae,Hydrodictyaceae,Pediastrum duplex CCAC 0147,,,
PZIF,Green Algae,Scenedesmaceae,Scenedesmus dimorphus,,,
ALZF,Green Algae,Chlorocystidaceae,Halochlorococcum marinum,,,
USIX,Green Algae,Chlorosarcinaceae,Neochlorosarcina sp.,,,
FOYQ,Green Algae,Microsporaceae,Microspora cf. tumidula,,,
DVYE,Green Algae,Oedogoniaceae,Oedogonium cardiacum,,,
SDPC,Green Algae,Oedogoniaceae,Oedogonium foveolatum,,,
KUJU,Green Algae,Goniaceae,Gonium pectorale,,,
EEJO,Green Algae,incertae sedis,Neochloris oleoabundans,,,
KSFK,Green Algae,Chlorosarcinaceae,Chlorosarcinopsis halophila,,,
GJIY,Green Algae,Neochloridaceae,Neochloris sp.,,,
OTQG,Green Algae,Ankistrodesmaceae,Ankistrodesmus sp.,,,
JWGT,Green Algae,Volvocaceae,Volvox aureus,,,
WRSL,Green Algae,Volvocaceae,Volvox aureus,,,
ISPU,Green Algae,Volvocaceae,Volvox globator,,,
RNAT,Green Algae,Volvocaceae,Eudorina elegans,,,
RYJX,Green Algae,Volvocaceae,Pandorina morum,,,
MNPL,Green Algae,Asteromonadaceae,Asteromonas gracilis,,,
NTLE,Green Algae,Asteromonadaceae,Asteromonas gracilis,,,
VIAU,Green Algae,Carteriaceae,Carteria crucifera,,,
RUIF,Green Algae,Carteriaceae,Carteria obtusa,,,
MULF,Green Algae,Chlamydomonadaceae,Chlamydomonas bilatus,,,
OVHR,Green Algae,Chlamydomonadaceae,Chlamydomonas bilatus,,,
BCYF,Green Algae,Chlamydomonadaceae,Chlamydomonas cribrum,,,
JRGZ,Green Algae,Chlamydomonadaceae,Chlamydomonas moewusii,,,
VALZ,Green Algae,Chlamydomonadaceae,Chlamydomonas noctigama,,,
TSBQ,Green Algae,Chlamydomonadaceae,Chlamydomonas sp.,,,
AOUJ,Green Algae,Chlamydomonadaceae,Chlamydomonas sp.,,,
GUBD,Green Algae,Chlamydomonadaceae,Brachiomonas submarina,,,
IHOI,Green Algae,Chlamydomonadaceae,Chloromonas oogama,,,
QRTH,Green Algae,Chlamydomonadaceae,Chlorococcum microstigmaticum,,,
LBRP,Green Algae,Chlamydomonadaceae,Chloromonas reticulata,,,
GDUD,Green Algae,Chlamydomonadaceae,Chloromonas reticulata,,,
AJUW,Green Algae,Chlamydomonadaceae,Chloromonas rosae v. psychrophila,,,
GFUR,Green Algae,Chlamydomonadaceae,Chloromonas subdivisa,,,
UTRE,Green Algae,Chlamydomonadaceae,Chloromonas tughillensis,,,
IRYH,Green Algae,Chlamydomonadaceae,Heterochlamydomonas inaequalis,,,
OFUE,Green Algae,Chlamydomonadaceae,Lobochlamys segnis,,,
JKKI,Green Algae,Chlamydomonadaceae,Lobomonas rostrata,,,
XDLL,Green Algae,Chlamydomonadaceae,Oogamochlamys gigantea,,,
MXDS,Green Algae,Chlamydomonadaceae,Spermatozopsis exsultans,,,
ENAU,Green Algae,Chlamydomonadaceae,Spermatozopsis similis,,,
QWRA,Green Algae,Chlamydomonadaceae,Vitreochlamys sp.,,,
WDWX,Green Algae,Dunaliellaceae,Dunaliella tertiolecta,,,
RHVC,Green Algae,Dunaliellaceae,Dunaliella salina,,,
SYJM,Green Algae,Dunaliellaceae,Dunaliella viridis dumsii,,,
UKUC,Green Algae,Dunaliellaceae,Dunaliella salina,,,
ZDIZ,Green Algae,Dunaliellaceae,Dunaliella tertiolecta,,,
FXHG,Green Algae,Dunaliellaceae,Hafniomonas reticulata,,,
ODXI,Green Algae,Haematococcaceae,Haematococcus pluvialis,,,
AGIO,Green Algae,Haematococcaceae,Haematococcus pluvialis,,,
ZLQE,Green Algae,Haematococcaceae,Stephanosphaera pluvialis,,,
ZIVZ,Green Algae,Phacotaceae,Phacotus lenticularis,,,
LNIL,Green Algae,Phacotaceae,Pteromonas angulosa,,,
ACRY,Green Algae,Phacotaceae,Pteromonas sp.,,,
NKXU,Green Algae,Trebouxiaceae,Trebouxia arboricola,,,
ETGN,Green Algae,Botryococcaceae,Botryococcus braunii,,,
VJDZ,Green Algae,Botryococcaceae,Botryococcus sudeticus,,,
QYXY,Green Algae,Botryococcaceae,Botryococcus terribilis,,,
MWAN,Green Algae,Chlorellaceae,Chlorella minutissima,,,
PFUD,Green Algae,Chlorellaceae,Geminella sp.,,,
MFYC,Green Algae,Chlorellaceae,Nannochloris atomus,,,
AKCR,Green Algae,Chlorellaceae,Parachlorella kessleri,,,
BILC,Green Algae,Chlorellaceae,Prototheca wickerhamii,,,
ZNUM,Green Algae,Leptosiraceae,Leptosira obovata,,,
MNCB,Green Algae,Oocystaceae,Eremosphaera viridis,,,
DXNY,Green Algae,Microthamniaceae,Microthamnion kuetzingianum,,,
ZDOF,Green Algae,Microthamniaceae,Microthamnion kuetzingianum,,,
WCLV,Green Algae,Prasiolaceae,Prasiola crispa,,,
WXRI,Green Algae,Prasiolaceae,Stichococcus bacillaris,,,
CQQP,Green Algae,Ulvaceae,Ochlochaete sp.,,,
OAEZ,Green Algae,Ulvaceae,Percursaria percursa,,,
LSHT,Green Algae,Bolbocoleonaceae,Bolbocoleon piliferum,,,
PZBH,Green Algae,Oltmannsiellopsidaceae,Oltmannsiellopsis viridis,,,
QJYX,Green Algae,Oltmannsiellopsidaceae,Oltmannsiellopsis viridis,,,
OQON,Green Algae,Ulvellaceae,Entocladia endozoica,,,
VBLH,Green Algae,Cladophoraceae,Cladophora glomerata,,,
NATT,Green Algae,Trentepohliaceae,Trentepohlia annulata,,,
YDCQ,Green Algae,Trentepohliaceae,Cephaleuros virescens,,,
CBNG,Green Algae,Borodinellaceae,Planophila laetevirens,,,
LETF,Green Algae,Borodinellaceae,Planophila terrestris,,,
DZPJ,Green Algae,Cylindrocapsaceae,Cylindrocapsa geminella,,,
JIWJ,Green Algae,Ulotrichaceae,Acrosiphonia sp.,,,
KADG,Green Algae,Ulotrichaceae,Ignatius tetrasporus,,,
FPCO,Green Algae,Ulotrichaceae,Interfilum paradoxum,,,
JTIG,Green Algae,Bryopsidaceae,Bryopsis plumosa,,,
GYBH,Green Algae,Codiaceae,Codium fragile,,,
VHIJ,Green Algae,Chaetosiphonaceae,Blastophysa cf. rhizopus,,,
KYIO,Green Algae,Mesostigmataceae,Mesostigma viride,,,
RRSV,Green Algae,Pedinomonadaceae,Pedinomonas minor,,,
PUAN,Green Algae,Pedinomonadaceae,Pedinomonas tuberculata,,,
EGNB,Green Algae,Scourfieldiaceae,Scourfieldia sp.,,,
PRIQ,Green Algae,Pleurastraceae,Chlorococcum oleofaciens,,,
TGNL,Green Algae,incertae sedis,Picocystis salinarum,,,
MWXT,Green Algae,Characeae,Chara vulgaris,,,
QPDY,Green Algae,Coleochaetaceae,Coleochaete irregularis,,,
VQBJ,Green Algae,Coleochaetaceae,Coleochaete scutata,,,
DRGY,Green Algae,Chaetosphaeridiaceae,Chaetosphaeridium globosum,,,
FQLP,Green Algae,Klebsormidiaceae,Klebsormidium subtile,,,
AZZW,Green Algae,Klebsormidiaceae,Chlorokybus atmophyticus,,,
BFIK,Green Algae,Klebsormidiaceae,Entransia fimbriata,,,
JOJQ,Green Algae,Zygnemataceae,Cylindrocystis cushleckae,,,
ZRMT,Green Algae,Zygnemataceae,Mougeotia sp.,,,
HAOX,Green Algae,Zygnemataceae,Spirogyra sp.,,,
WGMD,Green Algae,Zygnemataceae,Zygnema sp.,,,
MFZO,Green Algae,Zygnemataceae,Zygnemopsis sp.,,,
DRFX,Green Algae,Closteriaceae,Closterium lunula,,,
DFDS,Green Algae,Desmidiaceae,Desmidium aptogonum,,,
QWFV,Green Algae,Desmidiaceae,Bambusina borreri,,,
HIDG,Green Algae,Desmidiaceae,Cosmarium broomei,,,
MNNM,Green Algae,Desmidiaceae,Cosmarium granatum,,,
STKJ,Green Algae,Desmidiaceae,Cosmarium ochthodes,,,
HJVM,Green Algae,Desmidiaceae,Cosmarium ochthodes,,,
WDGV,Green Algae,Desmidiaceae,Cosmarium subtumidum,,,
BHBK,Green Algae,Desmidiaceae,Cosmarium tinctum,,,
RQFE,Green Algae,Desmidiaceae,Cosmocladium cf. constrictum,,,
GYRP,Green Algae,Desmidiaceae,Euastrum affine,,,
MCHJ,Green Algae,Desmidiaceae,Micrasterias fimbriata,,,
GGWH,Green Algae,Desmidiaceae,Onychonema laeve,,,
RPQV,Green Algae,Desmidiaceae,Phymatodocis nordstedtiana,,,
MOYY,Green Algae,Desmidiaceae,Pleurotaenium trabecula,,,
ISHC,Green Algae,Desmidiaceae,Staurastrum sebaldi,,,
WCQU,Green Algae,Desmidiaceae,Staurodesmus convergens,,,
RPRU,Green Algae,Desmidiaceae,Staurodesmus omearii,,,
GBGT,Green Algae,Desmidiaceae,Xanthidium antilopaeum,,,
WSJO,Green Algae,Mesotaeniaceae,Mesotaenium braunii,,,
HKZW,Green Algae,Mesotaeniaceae,Mesotaenium caldariorum,,,
WDCW,Green Algae,Mesotaeniaceae,Mesotaenium endlicherianum,,,
NBYP,Green Algae,Mesotaeniaceae,Mesotaenium kramstae,,,
YOXI,Green Algae,Mesotaeniaceae,Cylindrocystis brebissonii,,,
RPGL,Green Algae,Mesotaeniaceae,Cylindrocystis brebissonii,,,
VAZE,Green Algae,Mesotaeniaceae,Cylindrocystis sp.,,,
FFGR,Green Algae,Mesotaeniaceae,Netrium digitus,,,
KMNX,Green Algae,Mesotaeniaceae,Nucleotaenium eifelense,,,
SNOX,Green Algae,Mesotaeniaceae,Planotaenium ohtanii,,,
XRTZ,Green Algae,Mesotaeniaceae,Roya obtusa,,,
NNHQ,Green Algae,Mesotaeniaceae,Spirotaenia minuta,,,
TPHT,Green Algae,Mesotaeniaceae,Spirotaenia sp.,,,
YSQT,Green Algae,Peniaceae,Penium exiguum,,,
AEKF,Green Algae,Peniaceae,Penium margaritaceum,,,
KEYW,Green Algae,Gonatozygaceae,Gonatozygon kinahanii,,,
POOW,Glaucophyta (Algae),Glaucocystaceae,Glaucocystis cf. nostochinearum,,,
QFND,Glaucophyta (Algae),Glaucocystaceae,Cyanophora paradoxa CCAC 0074 (M0763),,,
YTYU,Glaucophyta (Algae),Glaucocystaceae,Cyanophora paradoxa CCAC 0091 (M0507/1),,,
PQED,Glaucophyta (Algae),Glaucocystaceae,Gloeochaete wittrockiana,,,
JKHA,Glaucophyta (Algae),incertae sedis,Cyanoptyche gloeocystis,,,
OBUY,Red Algae,Porphyridiaceae,Porphyridium cruentum,,,
PVGP,Red Algae,Porphyridiaceae,Porphyridium purpureum,,,
RSOF,Red Algae,Glaucosphaeraceae,Glaucosphaera vacuolata,,,
JJZR,Red Algae,Rhodochaetaceae,Rhodochaete parvula,,,
LLXJ,Red Algae,Stylonemataceae,Chroodactylon ornatum,,,
ZULJ,Red Algae,Bangiaceae,Pyropia yezoensis,,,
VZWX,Red Algae,Ceramiaceae,Ceramium kondoi,,,
YSBD,Red Algae,Dasyaceae,Heterosiphonia pulchra,,,
XAXW,Red Algae,Rhodomelaceae,Neosiphonia japonica,,,
UYFR,Red Algae,Rhodomelaceae,Symphyocladia latiuscula,,,
IEHF,Red Algae,Dumontiaceae,Dumontia simplex,,,
SBLT,Red Algae,Endocladiaceae,Gloiopeltis furcata,,,
UGPM,Red Algae,Gigartinaceae,Chondrus crispus,,,
WEJN,Red Algae,Gigartinaceae,Mazzaella japonica,,,
CKXF,Red Algae,Phyllophoraceae,Ahnfeltiopsis flabelliformis,,,
BWVJ,Red Algae,Solieriaceae,Betaphycus philippinensis,,,
JEBK,Red Algae,Solieriaceae,Eucheuma denticulatum,,,
IHJY,Red Algae,Solieriaceae,Kappaphycus alvarezii,,,
FTRP,Red Algae,Gracilariaceae,Gracilaria chouae,,,
VNAL,Red Algae,Gracilariaceae,Gracilaria vermiculophylla,,,
LJPN,Red Algae,Gracilariaceae,Gracilaria blodgettii,,,
IKWM,Red Algae,Gracilariaceae,Gracilaria lemaneiformis,,,
ZJOJ,Red Algae,Halymeniaceae,Grateloupia filicina,,,
IKIZ,Red Algae,Halymeniaceae,Grateloupia livida,,,
URSB,Red Algae,Halymeniaceae,Grateloupia turuturu,,,
PYDB,Red Algae,Halymeniaceae,Grateloupia catenata,,,
PWKQ,Red Algae,Halymeniaceae,Gracilaria sp.,,,
RTLC,Red Algae,Rhodellaceae,Rhodella violacea,,,
BAKF,Chromista (Algae),Cryptomonadaceae,Cryptomonas curvata,,,
ROZZ,Chromista (Algae),Chroomonadaceae,Chroomonas sp.,,,
MJMQ,Chromista (Algae),Chroomonadaceae,Hemiselmis virescens,,,
IRZA,Chromista (Algae),Geminigeraceae,Proteomonas sulcata,,,
IAYV,Chromista (Algae),Pyrenomonadaceae,Rhodomonas sp.,,,
BAJW,Chromista (Algae),Isochrysidaceae,Isochrysis sp.,,,
APTP,Chromista (Algae),Ishigeaceae,Ishige okamurae,,,
LXRN,Chromista (Algae),Prymnesiaceae,Prymnesium parvum,,,
NMAK,Chromista (Algae),Pavlovaceae,Pavlova lutheri,,,
RFAD,Chromista (Algae),Pavlovaceae,Pavlova lutheri CCAC 0028,,,
LLEN,Chromista (Algae),Pavlovaceae,Pavlova lutheri SAG 926-1,,,
RAPY,Chromista (Algae),Laminariaceae,Saccharina sculpera,,,
OGZM,Chromista (Algae),Laminariaceae,Saccharina japonica,,,
QDTV,Chromista (Algae),Laminariaceae,Saccharina japonica,,,
FIDQ,Chromista (Algae),Alariacea,Undaria pinnatifida,,,
EBWI,Chromista (Algae),Chromulinaceae,Ochromonas sp.,,,
JQFK,Chromista (Algae),Monodopsidaceae,Picochlorum atomus,,,
BOGT,Chromista (Algae),Mallomonadaceae,Mallomonas sp.,,,
VKVG,Chromista (Algae),Mallomonadaceae,Synura sp.,,,
DBYD,Chromista (Algae),Mallomonadaceae,Synura petersenii,,,
FSQE,Chromista (Algae),Desmarestiaceae,Desmarestia viridis,,,
LIRF,Chromista (Algae),Dictyotaceae,Dictyopteris undulata,,,
QLMZ,Chromista (Algae),Scytosiphonaceae,Colpomenia sinuosa,,,
JCXF,Chromista (Algae),Scytosiphonaceae,Scytosiphon lomentaria,,,
ASZK,Chromista (Algae),Chordariacea,Punctaria latifolia,,,
ULXR,Chromista (Algae),Scytosiphonacea,Scytosiphon dotyi,,,
VRGZ,Chromista (Algae),Scytosiphonacea,Petalonia fascia,,,
LDRY,Chromista (Algae),Sargassaceae,Sargassum fusiforme,,,
VYER,Chromista (Algae),Sargassaceae,Sargassum hemiphyllum,,,
FIKG,Chromista (Algae),Sargassaceae,Sargassum henslowianum,,,
RWXW,Chromista (Algae),Sargassaceae,Sargassum horneri,,,
FOMH,Chromista (Algae),Sargassaceae,Sargassum integerrimum,,,
YRMA,Chromista (Algae),Sargassaceae,Sargassum thunbergii,,,
HFIK,Chromista (Algae),Sargassaceae,Sargassum vachellianum,,,
JGGD,Chromista (Algae),Sargassacea,Sargassum muticum,,,
TZJQ,Dinophyceae,Prorocentraceae,Prorocentrum micans,,,
UNBZ,Euglenozoa,Euglenacaea,Euglena sp.,,,